<DATE>	<OPEN>	<HIGH>	<LOW>	<CLOSE>	<TICKVOL>	<VOL>	<SPREAD>
2016.05.25	17688.00	17865.00	17677.00	17823.00	94723	0	0
2016.05.26	17825.00	17861.00	17774.00	17820.00	82323	0	0
2016.05.27	17819.00	17853.00	17799.00	17846.00	66323	0	0
2016.05.31	17893.00	17902.00	17705.00	17771.00	82323	0	0
2016.06.01	17765.00	17806.00	17645.00	17771.00	95023	0	0
2016.06.02	17769.00	17830.00	17688.00	17821.00	79923	0	0
2016.06.03	17815.00	17843.00	17673.00	17796.00	107223	0	0
2016.06.06	17797.00	17934.00	17774.00	17914.00	87823	0	0
2016.06.07	17910.00	17988.00	17899.00	17929.00	68223	0	0
2016.06.08	17927.00	18007.00	17899.00	17984.00	73823	0	0
2016.06.09	17985.00	17995.00	17903.00	17972.00	79323	0	0
2016.06.10	17965.00	17969.00	17800.00	17865.00	102423	0	0
2016.06.13	17715.00	17797.00	17617.00	17621.00	108923	0	0
2016.06.14	17623.00	17660.00	17495.00	17561.00	132423	0	0
2016.06.15	17560.00	17684.50	17526.00	17541.00	116373	0	0
2016.06.16	17547.00	17657.50	17370.50	17632.00	141123	0	0
2016.06.17	17630.00	17681.50	17502.50	17553.50	117173	0	0
2016.06.20	17643.00	17850.50	17641.00	17768.00	126723	0	0
2016.06.21	17747.00	17791.50	17699.50	17727.00	121973	0	0
2016.06.22	17722.00	17821.50	17670.00	17690.00	100673	0	0
2016.06.23	17754.00	17963.00	17743.50	17963.00	125673	0	0
2016.06.24	17983.00	18019.50	17177.50	17225.50	487323	0	0
2016.06.27	17206.00	17271.50	16958.50	16973.00	234623	0	0
2016.06.28	16974.00	17301.00	16974.00	17289.00	154073	0	0
2016.06.29	17297.00	17689.00	17250.00	17685.00	131123	0	0
2016.06.30	17665.00	17825.00	17554.50	17791.00	126573	0	0
2016.07.01	17785.00	17899.50	17758.50	17862.50	104523	0	0
2016.07.04	17885.00	17918.50	17836.50	17876.50	66569	0	0
2016.07.05	17871.00	17872.50	17686.00	17766.00	114823	0	0
2016.07.06	17765.00	17832.00	17615.50	17819.00	161623	0	0
2016.07.07	17820.00	17891.50	17724.00	17810.00	121073	0	0
2016.07.08	17814.00	18075.50	17777.00	18036.50	114223	0	0
2016.07.11	18033.00	18194.50	18028.00	18142.00	102973	0	0
2016.07.12	18146.00	18283.50	18128.50	18262.00	93923	0	0
2016.07.13	18260.00	18301.50	18220.50	18284.00	89723	0	0
2016.07.14	18283.00	18471.50	18261.50	18428.00	116523	0	0
2016.07.15	18416.00	18484.50	18374.00	18411.00	107023	0	0
2016.07.18	18420.00	18490.50	18407.50	18464.00	97323	0	0
2016.07.19	18456.00	18489.00	18398.50	18481.00	87223	0	0
2016.07.20	18492.00	18560.00	18451.00	18528.00	74573	0	0
2016.07.21	18521.00	18543.50	18392.00	18437.00	86973	0	0
2016.07.22	18436.00	18492.00	18414.50	18473.00	76323	0	0
2016.07.25	18481.00	18522.00	18375.50	18421.00	81523	0	0
2016.07.26	18423.00	18442.50	18308.50	18412.00	112223	0	0
2016.07.27	18422.00	18468.50	18353.00	18403.00	105323	0	0
2016.07.28	18405.00	18451.50	18290.50	18376.00	97373	0	0
2016.07.29	18374.00	18398.50	18293.50	18367.00	126873	0	0
2016.08.01	18406.00	18444.50	18277.50	18330.00	95623	0	0
2016.08.02	18338.00	18368.50	18167.50	18244.00	102023	0	0
2016.08.03	18243.00	18277.50	18185.50	18268.00	85673	0	0
2016.08.04	18269.00	18332.50	18248.50	18276.00	86773	0	0
2016.08.05	18270.00	18460.50	18268.00	18448.50	67573	0	0
2016.08.08	18463.00	18505.50	18433.50	18461.00	62573	0	0
2016.08.09	18459.00	18519.50	18439.50	18466.00	58073	0	0
2016.08.10	18461.00	18509.50	18414.50	18445.00	70123	0	0
2016.08.11	18446.00	18590.50	18429.00	18560.00	70873	0	0
2016.08.12	18557.00	18582.50	18483.50	18519.50	59773	0	0
2016.08.15	18524.00	18619.50	18520.50	18582.00	49673	0	0
2016.08.16	18583.00	18583.50	18503.50	18531.00	75273	0	0
2016.08.17	18528.00	18555.50	18440.50	18546.00	84423	0	0
2016.08.18	18547.00	18572.50	18501.50	18560.00	65373	0	0
2016.08.19	18561.00	18570.50	18466.50	18533.50	75123	0	0
2016.08.22	18538.00	18557.50	18439.50	18516.00	108873	0	0
2016.08.23	18512.00	18611.50	18501.00	18528.00	67873	0	0
2016.08.24	18531.00	18539.50	18424.50	18465.00	77423	0	0
2016.08.25	18463.00	18479.50	18404.50	18447.00	77423	0	0
2016.08.26	18448.00	18550.00	18308.50	18378.50	124623	0	0
2016.08.29	18376.00	18499.50	18349.00	18491.00	76073	0	0
2016.08.30	18488.00	18511.50	18397.50	18447.00	67273	0	0
2016.08.31	18448.00	18449.00	18321.50	18389.00	68323	0	0
2016.09.01	18388.00	18458.50	18282.50	18386.00	104123	0	0
2016.09.02	18390.00	18445.00	18286.00	18386.00	92473	0	0
2016.09.05	18390.00	18423.00	18370.00	18392.00	35820	0	0
2016.09.06	18388.00	18451.00	18344.00	18434.00	68223	0	0
2016.09.07	18435.00	18445.00	18376.00	18427.00	63223	0	0
2016.09.08	18426.00	18460.00	18352.00	18372.00	70323	0	0
2016.09.09	18360.00	18375.00	17958.00	17960.00	104123	0	0
2016.09.12	17954.00	18271.00	17817.00	18234.00	182723	0	0
2016.09.13	18223.00	18226.00	17944.00	18027.00	154423	0	0
2016.09.14	18022.00	18079.00	17903.00	17932.00	141423	0	0
2016.09.15	17930.00	18164.50	17876.00	18106.00	134673	0	0
2016.09.16	18104.00	18106.00	17978.50	18049.00	124123	0	0
2016.09.19	18045.00	18167.50	18001.50	18051.00	109623	0	0
2016.09.20	18053.00	18142.50	18026.00	18033.00	99423	0	0
2016.09.21	18032.00	18219.50	18007.00	18214.00	115073	0	0
2016.09.22	18210.00	18362.50	18187.50	18301.00	81373	0	0
2016.09.23	18292.00	18306.00	18162.50	18183.50	74223	0	0
2016.09.26	18170.00	18197.50	17990.50	18014.00	113273	0	0
2016.09.27	18006.00	18148.50	17956.50	18128.00	142573	0	0
2016.09.28	18122.00	18256.50	18086.50	18233.00	118073	0	0
2016.09.29	18227.00	18274.50	17996.00	18086.00	140823	0	0
2016.09.30	18069.00	18278.50	17985.50	18202.00	135473	0	0
2016.10.03	18199.00	18248.50	18104.50	18158.00	103273	0	0
2016.10.04	18157.00	18223.50	18019.50	18081.00	125923	0	0
2016.10.05	18080.00	18230.50	18051.50	18198.00	100773	0	0
2016.10.06	18187.00	18220.00	18073.50	18187.00	95623	0	0
2016.10.07	18185.00	18247.50	18058.50	18153.50	128223	0	0
2016.10.10	18147.00	18316.00	18147.00	18260.00	91323	0	0
2016.10.11	18259.00	18270.00	17970.50	18057.00	108273	0	0
2016.10.12	18051.00	18115.50	17988.50	18021.00	115623	0	0
2016.10.13	18014.00	18046.50	17865.50	18012.00	138473	0	0
2016.10.14	18012.00	18173.50	17982.50	18054.00	131023	0	0
2016.10.17	18047.00	18075.50	17970.50	17982.00	126673	0	0
2016.10.18	17985.00	18139.50	17971.50	18063.00	98273	0	0
2016.10.19	18054.00	18165.50	18029.50	18129.00	79473	0	0
2016.10.20	18122.00	18172.50	18044.50	18100.00	110023	0	0
2016.10.21	18090.00	18109.50	17962.50	18059.50	97223	0	0
2016.10.24	18078.00	18192.50	18055.50	18137.00	78173	0	0
2016.10.25	18133.00	18169.50	18064.50	18079.00	81223	0	0
2016.10.26	18068.00	18152.50	17973.00	18123.00	108023	0	0
2016.10.27	18119.00	18180.50	18062.00	18104.00	119273	0	0
2016.10.28	18098.00	18169.50	18007.50	18093.00	127873	0	0
2016.10.31	18065.50	18141.50	18044.50	18077.00	88822	0	0
2016.11.01	18073.50	18123.00	17852.50	17921.00	107522	0	0
2016.11.02	17925.50	17956.50	17839.50	17863.00	131872	0	0
2016.11.03	17873.50	17931.50	17818.50	17842.00	107622	0	0
2016.11.04	17850.50	17898.50	17796.00	17799.50	89122	0	0
2016.11.07	18019.00	18204.00	17978.50	18198.00	96773	0	0
2016.11.08	18183.00	18342.00	18124.50	18282.00	105323	0	0
2016.11.09	18299.00	18587.00	17415.50	18529.00	505873	0	0
2016.11.10	18528.00	18817.50	18486.50	18747.00	215323	0	0
2016.11.11	18760.00	18828.50	18680.50	18781.50	146873	0	0
2016.11.14	18775.00	18914.00	18758.50	18819.00	147723	0	0
2016.11.15	18812.00	18879.00	18753.50	18871.00	105973	0	0
2016.11.16	18869.00	18908.00	18790.50	18824.00	87123	0	0
2016.11.17	18828.00	18871.00	18809.50	18869.00	78073	0	0
2016.11.18	18865.00	18885.50	18820.50	18847.00	77123	0	0
2016.11.21	18842.00	18925.50	18830.50	18913.00	72773	0	0
2016.11.22	18914.00	19008.50	18907.00	18995.00	67273	0	0
2016.11.23	18995.00	19055.00	18972.00	19053.00	65423	0	0
2016.11.24	19060.00	19115.50	19027.50	19108.00	41519	0	0
2016.11.25	19108.00	19134.00	19086.50	19130.00	44070	0	0
2016.11.28	19137.10	19137.10	19039.50	19078.00	84583	0	0
2016.11.29	19078.00	19129.50	19056.50	19110.00	63173	0	0
2016.11.30	19114.00	19212.50	19095.50	19132.00	81873	0	0
2016.12.01	19138.00	19159.50	19053.00	19125.00	85773	0	0
2016.12.02	19118.00	19126.00	19068.00	19093.00	484659	0	0
2016.12.05	19019.00	19210.00	19017.00	19148.00	641536	0	0
2016.12.06	19146.00	19177.00	19111.00	19172.00	404537	0	0
2016.12.07	19171.00	19491.00	19152.00	19452.00	488973	0	0
2016.12.08	19450.00	19598.00	19428.00	19555.00	645891	0	0
2016.12.09	19546.00	19704.00	19544.00	19698.00	399671	0	0
2016.12.12	19715.00	19807.00	19683.00	19736.00	586109	0	0
2016.12.13	19727.00	19897.00	19710.00	19857.00	521053	0	0
2016.12.14	19852.00	19907.00	19689.00	19759.00	651405	0	0
2016.12.15	19757.00	19892.50	19737.00	19810.00	821595	0	0
2016.12.16	19813.00	19859.50	19760.50	19788.00	522886	0	0
2016.12.19	19792.00	19856.50	19789.50	19833.00	402144	0	0
2016.12.20	19831.00	19929.50	19828.50	19906.00	359537	0	0
2016.12.21	19911.00	19926.50	19867.00	19869.00	290248	0	0
2016.12.22	19868.00	19895.50	19827.50	19861.00	321836	0	0
2016.12.23	19862.00	19886.50	19841.50	19867.50	225641	0	0
2016.12.27	19861.50	19917.50	19855.50	19872.00	191473	0	0
2016.12.28	19875.00	19916.50	19766.50	19773.00	334735	0	0
2016.12.29	19775.00	19813.50	19725.50	19765.00	407380	0	0
2016.12.30	19763.00	19810.50	19658.00	19707.50	440393	0	0
2017.01.03	19782.00	19875.50	19700.50	19791.00	541182	0	0
2017.01.04	19793.00	19877.50	19782.00	19856.00	405675	0	0
2017.01.05	19860.00	19868.50	19729.50	19817.00	445341	0	0
2017.01.06	19814.00	19921.50	19756.50	19892.50	423288	0	0
2017.01.09	19882.00	19916.50	19812.00	19815.00	351074	0	0
2017.01.10	19821.00	19882.00	19762.50	19793.00	409281	0	0
2017.01.11	19796.00	19901.50	19754.50	19876.00	613455	0	0
2017.01.12	19873.00	19874.00	19690.50	19811.00	559291	0	0
2017.01.13	19802.00	19874.50	19769.50	19826.00	407661	0	0
2017.01.16	19823.00	19823.00	19767.50	19779.50	194731	0	0
2017.01.17	19775.00	19806.50	19695.50	19737.00	502826	0	0
2017.01.18	19741.00	19786.00	19666.50	19720.00	488113	0	0
2017.01.19	19723.00	19754.50	19605.50	19643.00	473606	0	0
2017.01.20	19647.00	19775.50	19647.00	19739.50	566082	0	0
2017.01.23	19743.00	19767.50	19663.50	19723.00	499690	0	0
2017.01.24	19721.00	19878.50	19713.50	19847.00	413372	0	0
2017.01.25	19848.00	20012.50	19841.50	20003.00	414892	0	0
2017.01.26	19998.00	20063.50	19986.00	20048.00	439018	0	0
2017.01.27	20045.00	20067.50	20003.00	20010.50	366819	0	0
2017.01.30	19935.00	19989.50	19796.50	19881.00	457981	0	0
2017.01.31	19878.00	19886.50	19710.50	19821.00	547871	0	0
2017.02.01	19809.00	19892.50	19771.50	19818.00	539652	0	0
2017.02.02	19821.00	19847.50	19730.50	19807.00	550575	0	0
2017.02.03	19813.00	20003.50	19778.50	19981.00	447511	0	0
2017.02.06	19992.00	20017.50	19929.50	19964.00	467773	0	0
2017.02.07	19961.00	20082.50	19951.50	19998.00	418996	0	0
2017.02.08	20000.00	20048.50	19963.00	20001.00	458806	0	0
2017.02.09	20002.00	20155.50	19978.00	20130.00	411202	0	0
2017.02.10	20129.00	20245.50	20122.00	20219.00	403037	0	0
2017.02.13	20229.00	20392.50	20220.50	20383.00	398505	0	0
2017.02.14	20380.00	20490.50	20343.50	20483.00	441718	0	0
2017.02.15	20483.00	20627.00	20462.50	20620.00	458662	0	0
2017.02.16	20618.00	20620.50	20533.50	20590.00	466675	0	0
2017.02.17	20585.00	20599.50	20503.50	20585.50	480767	0	0
2017.02.20	20573.00	20666.50	20562.50	20629.50	253177	0	0
2017.02.21	20634.00	20731.50	20599.50	20683.00	428495	0	0
2017.02.22	20684.00	20764.00	20664.50	20756.00	440195	0	0
2017.02.23	20757.00	20813.50	20720.50	20794.50	483671	0	0
2017.02.24	20789.00	20795.50	20692.50	20780.00	478841	0	0
2017.02.27	20775.00	20830.50	20755.50	20799.00	520265	0	0
2017.02.28	20800.00	20827.50	20765.50	20823.00	395871	0	0
2017.03.01	20822.00	21157.50	20805.50	21083.00	647334	0	0
2017.03.02	21083.00	21126.50	20967.50	20984.00	515178	0	0
2017.03.03	20983.00	21033.50	20921.50	20975.00	531159	0	0
2017.03.06	20969.00	20974.00	20889.50	20916.00	499179	0	0
2017.03.07	20916.00	20960.50	20890.50	20908.00	394871	0	0
2017.03.08	20908.00	20953.50	20835.50	20853.00	519962	0	0
2017.03.09	20857.00	20903.00	20778.50	20878.00	528091	0	0
2017.03.10	20870.00	20978.50	20826.50	20885.00	568217	0	0
2017.03.13	20885.00	20922.50	20847.50	20873.00	426951	0	0
2017.03.14	20875.00	20878.50	20785.50	20848.00	477616	0	0
2017.03.15	20847.00	20971.50	20845.50	20926.50	477050	0	0
2017.03.16	20886.00	20976.00	20840.50	20880.00	517313	0	0
2017.03.17	20877.00	20925.50	20852.50	20855.00	408333	0	0
2017.03.20	20846.00	20898.50	20819.50	20857.00	370909	0	0
2017.03.21	20853.00	20913.50	20600.00	20605.00	700437	0	0
2017.03.22	20606.00	20629.50	20522.50	20587.00	783235	0	0
2017.03.23	20589.00	20699.50	20557.50	20601.00	701299	0	0
2017.03.24	20595.00	20668.50	20473.50	20566.00	740810	0	0
2017.03.27	20516.00	20522.00	20353.00	20512.50	782343	0	0
2017.03.28	20516.00	20674.50	20456.50	20628.00	564257	0	0
2017.03.29	20628.00	20660.50	20560.50	20584.00	504639	0	0
2017.03.30	20586.00	20690.50	20567.50	20664.00	476757	0	0
2017.03.31	20666.00	20666.50	20592.00	20603.00	483473	0	0
2017.04.03	20589.00	20643.00	20448.50	20573.00	596093	0	0
2017.04.04	20579.00	20648.00	20508.50	20645.00	531863	0	0
2017.04.05	20646.00	20824.50	20552.00	20560.00	659332	0	0
2017.04.06	20565.00	20686.50	20507.50	20614.00	760703	0	0
2017.04.07	20614.00	20665.50	20457.50	20592.00	901067	0	0
2017.04.10	20598.00	20687.50	20549.00	20600.50	606663	0	0
2017.04.11	20601.00	20618.50	20444.50	20588.00	755889	0	0
2017.04.12	20589.00	20636.50	20487.50	20499.00	686482	0	0
2017.04.13	20497.00	20545.50	20383.50	20402.00	738592	0	0
2017.04.17	20385.00	20577.50	20368.00	20562.00	441184	0	0
2017.04.18	20563.00	20578.50	20390.50	20427.00	635809	0	0
2017.04.19	20424.00	20483.50	20307.50	20319.00	565057	0	0
2017.04.20	20320.00	20563.50	20320.00	20531.00	593167	0	0
2017.04.21	20531.00	20548.50	20439.50	20498.00	528079	0	0
2017.04.24	20662.00	20728.50	20625.50	20699.00	645245	0	0
2017.04.25	20698.00	20963.50	20682.50	20932.00	492706	0	0
2017.04.26	20933.00	21007.50	20895.00	20895.00	582442	0	0
2017.04.27	20898.00	20943.50	20868.50	20906.00	498765	0	0
2017.04.28	20892.00	20925.50	20855.50	20878.00	443508	0	0
2017.05.01	20881.00	20919.50	20826.50	20866.00	371516	0	0
2017.05.02	20866.00	20890.50	20833.50	20859.00	396674	0	0
2017.05.03	20853.00	20903.50	20802.50	20868.50	369168	0	0
2017.05.04	20865.00	20942.00	20772.50	20872.00	473916	0	0
2017.05.05	20869.00	20953.50	20807.50	20950.00	447923	0	0
2017.05.08	21000.00	21003.00	20899.50	20938.00	486311	0	0
2017.05.09	20937.00	20983.50	20871.50	20881.00	404082	0	0
2017.05.10	20880.00	20931.50	20838.50	20883.00	432541	0	0
2017.05.11	20881.00	20892.50	20757.50	20864.00	462162	0	0
2017.05.12	20863.00	20875.50	20823.50	20843.00	427676	0	0
2017.05.15	20850.00	20957.00	20842.00	20940.00	345008	0	0
2017.05.16	20941.00	20991.00	20891.00	20933.00	402811	0	0
2017.05.17	20934.00	20934.00	20578.00	20585.00	858140	0	0
2017.05.18	20582.00	20736.00	20472.00	20639.00	1042448	0	0
2017.05.19	20640.00	20833.00	20617.00	20785.00	596965	0	0
2017.05.22	20786.00	20889.00	20761.00	20881.00	515765	0	0
2017.05.23	20880.00	20937.00	20832.00	20908.00	519572	0	0
2017.05.24	20908.00	20993.50	20889.00	20990.00	432450	0	0
2017.05.25	20991.00	21092.00	20982.50	21055.00	521803	0	0
2017.05.26	21059.00	21072.50	21017.50	21060.00	409839	0	0
2017.05.29	21065.00	21087.50	21060.00	21072.50	149940	0	0
2017.05.30	21061.20	21068.00	20995.50	21017.00	415716	0	0
2017.05.31	21015.00	21057.00	20926.50	21025.00	498961	0	0
2017.06.01	21023.00	21135.50	20983.50	21127.00	486738	0	0
2017.06.02	21125.00	21223.50	21123.00	21196.00	550293	0	0
2017.06.05	21133.00	21164.00	21108.00	21133.00	346889	0	0
2017.06.06	21132.00	21132.00	21060.00	21092.00	438310	0	0
2017.06.07	21093.00	21139.00	21055.00	21118.00	429376	0	0
2017.06.08	21117.00	21216.00	21085.00	21147.00	484005	0	0
2017.06.09	21146.00	21254.00	21078.00	21206.00	717479	0	0
2017.06.12	21201.00	21222.00	21136.00	21183.00	615374	0	0
2017.06.13	21182.00	21284.00	21172.00	21282.00	422109	0	0
2017.06.14	21283.00	21341.00	21243.00	21320.00	576300	0	0
2017.06.15	21315.00	21323.00	21215.00	21313.00	665501	0	0
2017.06.16	21307.00	21361.00	21260.00	21331.00	448338	0	0
2017.06.19	21356.00	21475.50	21344.50	21463.00	425906	0	0
2017.06.20	21467.00	21488.50	21413.50	21426.00	412506	0	0
2017.06.21	21425.90	21447.50	21338.50	21359.00	551781	0	0
2017.06.22	21361.00	21404.50	21337.50	21343.00	446804	0	0
2017.06.23	21344.00	21373.50	21279.50	21333.00	399747	0	0
2017.06.26	21315.00	21451.50	21304.00	21364.00	442776	0	0
2017.06.27	21365.00	21386.50	21261.00	21269.00	581407	0	0
2017.06.28	21270.00	21432.00	21251.50	21426.00	557491	0	0
2017.06.29	21426.00	21447.50	21135.50	21262.00	747206	0	0
2017.06.30	21252.00	21363.00	21229.50	21309.50	652030	0	0
2017.07.03	21312.00	21502.50	21312.00	21418.00	443922	0	0
2017.07.04	21419.70	21469.50	21401.50	21435.50	361476	0	0
2017.07.05	21426.30	21455.50	21345.50	21423.00	612422	0	0
2017.07.06	21422.00	21436.00	21254.50	21280.00	628968	0	0
2017.07.07	21283.00	21373.50	21260.50	21365.00	522503	0	0
2017.07.10	21360.00	21395.50	21312.50	21353.00	408539	0	0
2017.07.11	21349.00	21386.50	21222.50	21373.00	455835	0	0
2017.07.12	21371.00	21527.50	21354.00	21483.00	463583	0	0
2017.07.13	21482.00	21515.50	21456.50	21505.50	394424	0	0
2017.07.14	21508.00	21624.50	21467.50	21589.00	384006	0	0
2017.07.17	21597.00	21618.50	21557.50	21581.00	356588	0	0
2017.07.18	21584.00	21605.50	21414.50	21514.00	473691	0	0
2017.07.19	21517.00	21597.00	21498.50	21588.00	367943	0	0
2017.07.20	21580.00	21621.50	21522.50	21581.00	415602	0	0
2017.07.21	21578.00	21586.50	21448.50	21513.00	387147	0	0
2017.07.24	21515.00	21526.50	21440.50	21490.00	356385	0	0
2017.07.25	21489.00	21634.50	21480.50	21560.00	384712	0	0
2017.07.26	21559.00	21683.50	21542.50	21633.00	414855	0	0
2017.07.27	21636.00	21744.00	21630.00	21743.00	555413	0	0
2017.07.28	21739.00	21780.50	21678.50	21767.50	455621	0	0
2017.07.31	21770.00	21871.50	21744.00	21856.00	360185	0	0
2017.08.01	21857.00	21957.50	21844.50	21927.50	430073	0	0
2017.08.02	21927.00	21990.00	21908.50	21961.00	387451	0	0
2017.08.03	21959.00	21984.00	21925.00	21966.50	370322	0	0
2017.08.04	21966.00	22042.50	21951.50	22012.00	409659	0	0
2017.08.07	22019.00	22075.50	22014.50	22061.00	257496	0	0
2017.08.08	22058.00	22128.50	22006.50	22027.00	334463	0	0
2017.08.09	22014.00	22026.00	21957.50	22025.00	550507	0	0
2017.08.10	22020.00	22025.00	21794.00	21811.00	676279	0	0
2017.08.11	21807.00	21880.50	21786.50	21844.50	622590	0	0
2017.08.14	21850.00	21984.50	21850.00	21963.00	425296	0	0
2017.08.15	21958.00	22029.00	21939.50	21979.00	438927	0	0
2017.08.16	21977.00	22063.50	21964.50	22006.00	438921	0	0
2017.08.17	22006.00	22016.50	21685.00	21707.00	675531	0	0
2017.08.18	21712.00	21770.00	21620.50	21672.50	735206	0	0
2017.08.21	21692.00	21715.00	21577.00	21695.00	583593	0	0
2017.08.22	21698.00	21892.00	21689.00	21888.00	457911	0	0
2017.08.23	21881.00	21894.50	21774.00	21777.00	500043	0	0
2017.08.24	21777.00	21859.50	21742.50	21794.00	538947	0	0
2017.08.25	21794.00	21889.50	21753.50	21802.50	515007	0	0
2017.08.28	21795.00	21856.50	21747.50	21792.00	458609	0	0
2017.08.29	21759.00	21873.50	21639.50	21869.00	786443	0	0
2017.08.30	21865.00	21939.00	21829.50	21874.00	497354	0	0
2017.08.31	21888.00	21981.50	21871.00	21961.00	469474	0	0
2017.09.01	21959.00	22032.50	21959.00	21976.50	392644	0	0
2017.09.04	21838.00	21899.00	21835.00	21874.00	282214	0	0
2017.09.05	21869.00	21902.00	21658.00	21721.00	660701	0	0
2017.09.06	21725.00	21799.00	21695.00	21761.00	569813	0	0
2017.09.07	21754.00	21808.00	21703.00	21755.00	577803	0	0
2017.09.08	21756.00	21807.00	21668.00	21773.00	493956	0	0
2017.09.11	21839.00	22033.00	21834.00	22027.00	418552	0	0
2017.09.12	22025.00	22096.00	22018.00	22089.00	378983	0	0
2017.09.13	22095.00	22115.00	22050.00	22109.00	331445	0	0
2017.09.14	22111.00	22172.50	22071.50	22168.00	359522	0	0
2017.09.15	22168.00	22228.50	22123.50	22215.50	409995	0	0
2017.09.18	22223.00	22310.50	22218.50	22295.00	366349	0	0
2017.09.19	22290.00	22339.50	22290.00	22325.00	309199	0	0
2017.09.20	22327.00	22384.00	22272.50	22372.00	378497	0	0
2017.09.21	22369.00	22382.50	22314.50	22327.00	334933	0	0
2017.09.22	22323.00	22328.50	22253.50	22294.00	375797	0	0
2017.09.25	22293.00	22334.50	22171.50	22276.00	494094	0	0
2017.09.26	22276.00	22321.00	22232.50	22246.00	420711	0	0
2017.09.27	22244.00	22322.50	22205.00	22288.00	426875	0	0
2017.09.28	22288.00	22342.50	22234.50	22318.00	402553	0	0
2017.09.29	22318.00	22347.50	22277.50	22337.50	323441	0	0
2017.10.02	22348.00	22515.00	22343.50	22512.00	369586	0	0
2017.10.03	22507.00	22617.00	22495.50	22607.00	281861	0	0
2017.10.04	22607.00	22627.50	22577.50	22601.00	269859	0	0
2017.10.05	22597.00	22739.00	22590.50	22728.00	279460	0	0
2017.10.06	22728.00	22734.50	22678.00	22691.00	281855	0	0
2017.10.09	22681.00	22748.00	22680.00	22708.00	242792	0	0
2017.10.10	22702.00	22795.00	22702.00	22784.00	317722	0	0
2017.10.11	22780.00	22816.00	22755.00	22811.00	230981	0	0
2017.10.12	22807.00	22831.00	22768.00	22792.00	219719	0	0
2017.10.13	22785.00	22849.00	22775.00	22825.00	256453	0	0
2017.10.16	22822.00	22902.00	22821.00	22893.00	250177	0	0
2017.10.17	22890.50	22968.00	22883.00	22958.00	251759	0	0
2017.10.18	22960.50	23121.00	22958.00	23115.00	241461	0	0
2017.10.19	23108.50	23120.00	22948.00	23116.00	467620	0	0
2017.10.20	23113.00	23280.00	23102.00	23274.00	405162	0	0
2017.10.23	23264.50	23317.00	23211.00	23228.00	390724	0	0
2017.10.24	23216.00	23434.00	23216.00	23388.00	432468	0	0
2017.10.25	23387.00	23412.00	23200.00	23309.00	589586	0	0
2017.10.26	23306.50	23401.00	23285.00	23347.00	477148	0	0
2017.10.27	23352.00	23403.00	23295.00	23370.00	542537	0	0
2017.10.30	23354.50	23382.00	23272.00	23286.00	462762	0	0
2017.10.31	23286.00	23349.00	23266.00	23330.00	317353	0	0
2017.11.01	23328.00	23459.00	23317.00	23358.00	465928	0	0
2017.11.02	23354.00	23470.00	23286.00	23455.00	546775	0	0
2017.11.03	23451.50	23490.00	23415.00	23446.00	356712	0	0
2017.11.06	23439.50	23503.00	23404.00	23494.00	392530	0	0
2017.11.07	23496.50	23553.00	23412.00	23475.00	426458	0	0
2017.11.08	23457.00	23504.00	23430.00	23488.00	403978	0	0
2017.11.09	23488.00	23532.00	23257.00	23413.00	829475	0	0
2017.11.10	23399.00	23443.00	23334.00	23376.00	575410	0	0
2017.11.13	23394.00	23425.00	23284.00	23396.00	468148	0	0
2017.11.14	23394.50	23420.00	23229.00	23364.00	562412	0	0
2017.11.15	23361.50	23362.00	23203.00	23259.00	665623	0	0
2017.11.16	23255.50	23461.00	23241.00	23418.00	489131	0	0
2017.11.17	23412.00	23437.00	23310.00	23310.00	514354	0	0
2017.11.20	23314.50	23423.00	23237.00	23395.00	534782	0	0
2017.11.21	23393.50	23582.00	23372.00	23544.00	434968	0	0
2017.11.22	23546.00	23596.00	23474.00	23477.00	378224	0	0
2017.11.23	23481.50	23505.00	23428.00	23491.00	236789	0	0
2017.11.24	23490.50	23567.00	23474.00	23516.00	334889	0	0
2017.11.27	23510.00	23613.00	23471.00	23566.00	429445	0	0
2017.11.28	23559.00	23823.00	23519.00	23801.00	529948	0	0
2017.11.29	23799.50	23943.00	23787.00	23918.00	582308	0	0
2017.11.30	23913.50	24326.00	23889.00	24239.00	723731	0	0
2017.12.01	24229.50	24322.00	23921.00	24237.00	1346169	0	0
2017.12.04	24345.00	24531.00	24260.00	24290.00	940102	0	0
2017.12.05	24292.50	24382.00	24149.00	24176.00	843343	0	0
2017.12.06	24181.50	24226.00	24077.00	24168.00	829849	0	0
2017.12.07	24166.50	24258.00	24068.00	24224.00	695840	0	0
2017.12.08	24239.00	24348.00	24213.00	24331.00	562057	0	0
2017.12.11	24329.00	24451.00	24329.00	24443.00	538369	0	0
2017.12.12	24432.00	24572.00	24413.00	24539.00	512423	0	0
2017.12.13	24539.00	24684.00	24481.00	24643.00	632263	0	0
2017.12.14	24646.00	24697.00	24529.00	24534.00	632931	0	0
2017.12.15	24532.50	24704.00	24532.50	24671.00	566011	0	0
2017.12.18	24699.50	24893.00	24690.50	24821.00	608133	0	0
2017.12.19	24821.50	24889.00	24729.00	24774.00	522932	0	0
2017.12.20	24769.00	24877.00	24704.00	24742.00	580706	0	0
2017.12.21	24732.00	24856.00	24711.00	24795.00	506759	0	0
2017.12.22	24788.00	24839.00	24727.00	24762.00	431736	0	0
2017.12.26	24750.00	24795.00	24703.00	24789.00	277578	0	0
2017.12.27	24789.50	24818.00	24759.00	24798.00	396057	0	0
2017.12.28	24787.00	24836.00	24782.00	24808.00	320784	0	0
2017.12.29	24804.00	24882.00	24666.00	24698.00	383050	0	0
2018.01.02	24771.00	24854.00	24714.00	24783.00	452918	0	0
2018.01.03	24789.00	24906.00	24765.00	24875.00	403706	0	0
2018.01.04	24879.50	25079.00	24875.00	25061.00	473074	0	0
2018.01.05	25062.50	25268.00	25055.00	25261.00	471689	0	0
2018.01.08	25269.00	25354.00	25208.00	25257.00	489119	0	0
2018.01.09	25242.00	25412.00	25235.00	25356.00	480694	0	0
2018.01.10	25351.00	25380.00	25219.00	25352.00	699751	0	0
2018.01.11	25343.50	25556.00	25328.00	25543.00	536120	0	0
2018.01.12	25538.00	25799.00	25529.00	25795.00	579226	0	0
2018.01.15	25808.00	25973.00	25805.00	25930.00	432498	0	0
2018.01.16	25930.00	26058.00	25680.00	25830.00	937069	0	0
2018.01.17	25825.50	26117.00	25788.00	26089.00	946955	0	0
2018.01.18	26079.50	26144.00	25913.00	25937.00	964854	0	0
2018.01.19	25940.00	26082.00	25872.00	26042.00	916727	0	0
2018.01.22	25976.50	26221.00	25944.00	26193.00	693730	0	0
2018.01.23	26197.50	26311.00	26133.00	26191.00	866635	0	0
2018.01.24	26180.50	26383.00	26086.00	26262.00	927428	0	0
2018.01.25	26259.00	26434.00	26207.00	26386.00	1058850	0	0
2018.01.26	26385.50	26605.00	26378.00	26598.00	703766	0	0
2018.01.29	26580.50	26680.00	26414.00	26425.00	955040	0	0
2018.01.30	26413.00	26474.00	26003.00	26043.00	1574810	0	0
2018.01.31	26040.50	26308.00	26024.00	26155.00	1288759	0	0
2018.02.01	26158.50	26277.00	25919.00	26138.00	1333897	0	0
2018.02.02	26177.00	26212.00	25408.00	25425.00	1764079	0	0
2018.02.05	25427.00	25472.00	23659.00	24046.00	3355658	0	0
2018.02.06	24085.00	24885.00	23065.00	24733.00	7338915	0	0
2018.02.07	24737.00	25236.00	24500.00	24750.00	3548765	0	0
2018.02.08	24711.00	24921.00	23799.00	23997.00	4063665	0	0
2018.02.09	23963.00	24346.00	23323.00	24152.00	4904935	0	0
2018.02.12	24247.00	24732.00	24215.00	24561.00	2680664	0	0
2018.02.13	24563.50	24671.00	24368.00	24637.00	2117465	0	0
2018.02.14	24622.50	24893.00	24277.00	24845.00	2188564	0	0
2018.02.15	24855.00	25245.00	24791.00	25222.00	1795963	0	0
2018.02.16	25224.50	25420.00	25110.00	25226.00	1754030	0	0
2018.02.19	25221.50	25337.00	25053.00	25180.00	773821	0	0
2018.02.20	25173.50	25218.00	24863.00	24950.00	1869015	0	0
2018.02.21	24947.00	25253.00	24722.00	24776.00	1898564	0	0
2018.02.22	24778.50	25134.00	24575.00	25027.00	2139365	0	0
2018.02.23	25017.50	25315.00	24994.00	25309.00	1572584	0	0
2018.02.26	25324.00	25768.00	25296.00	25752.00	1300262	0	0
2018.02.27	25752.00	25808.00	25386.00	25422.00	1759813	0	0
2018.02.28	25406.50	25574.00	25015.00	25086.00	1789665	0	0
2018.03.01	25086.50	25180.00	24429.00	24635.00	2986365	0	0
2018.03.02	24618.00	24666.00	24202.00	24531.00	2582835	0	0
2018.03.05	24509.00	24980.00	24337.50	24905.50	2157415	0	0
2018.03.06	24910.00	25072.50	24717.00	24874.00	1688913	0	0
2018.03.07	24679.00	24866.00	24430.00	24810.00	2249964	0	0
2018.03.08	24805.00	24978.00	24726.00	24918.00	1417200	0	0
2018.03.09	24909.00	25331.00	24862.00	25309.00	1164172	0	0
2018.03.12	25351.50	25531.00	25178.00	25230.00	1188360	0	0
2018.03.13	25206.50	25404.00	24964.00	25026.00	1413698	0	0
2018.03.14	25008.50	25170.00	24686.00	24800.00	1706215	0	0
2018.03.15	24801.00	25072.00	24690.00	24953.00	1444611	0	0
2018.03.16	24945.50	25047.00	24844.00	24960.00	1156179	0	0
2018.03.19	24973.00	24973.50	24459.00	24673.00	1594163	0	0
2018.03.20	24666.00	24810.00	24604.00	24770.00	1323863	0	0
2018.03.21	24767.50	24992.00	24658.00	24724.00	1317833	0	0
2018.03.22	24729.00	24799.00	23930.00	23998.00	2163511	0	0
2018.03.23	23991.50	24099.00	23494.00	23590.00	2792685	0	0
2018.03.26	23601.00	24218.00	23548.00	24199.00	2186710	0	0
2018.03.27	24194.50	24432.00	23688.00	23846.00	2177664	0	0
2018.03.28	23849.50	24072.00	23704.00	23865.00	3074064	0	0
2018.03.29	23883.50	24286.00	23793.00	24094.00	1901015	0	0
2018.04.02	24093.00	24144.00	23306.00	23616.00	2155212	0	0
2018.04.03	23608.00	24005.00	23543.00	23980.00	1973564	0	0
2018.04.04	23977.50	24277.00	23358.00	24243.00	2335860	0	0
2018.04.05	24245.00	24592.00	24230.00	24474.00	1849710	0	0
2018.04.06	24480.50	24498.00	23700.00	23914.00	2921233	0	0
2018.04.09	23942.50	24343.00	23914.00	23991.00	1828864	0	0
2018.04.10	23998.50	24480.00	23943.00	24354.00	2344157	0	0
2018.04.11	24354.00	24363.00	24059.00	24173.00	1674109	0	0
2018.04.12	24172.00	24556.00	24138.00	24469.00	1483112	0	0
2018.04.13	24449.00	24622.00	24205.00	24330.00	1514830	0	0
2018.04.16	24440.00	24639.00	24378.00	24549.00	1351063	0	0
2018.04.17	24556.00	24824.00	24547.00	24701.00	1166157	0	0
2018.04.18	24693.50	24805.00	24680.00	24737.00	979696	0	0
2018.04.19	24738.00	24776.00	24513.00	24624.00	1187386	0	0
2018.04.20	24622.50	24661.00	24336.00	24433.00	1277668	0	0
2018.04.23	24538.00	24548.00	24288.00	24420.00	1209555	0	0
2018.04.24	24427.50	24596.00	23784.00	23990.00	1629592	0	0
2018.04.25	23994.50	24102.00	23781.00	24085.00	1852163	0	0
2018.04.26	24109.50	24358.00	24009.00	24292.00	1347712	0	0
2018.04.27	24306.00	24312.00	24145.00	24276.00	1132622	0	0
2018.04.30	24276.00	24454.00	24097.00	24109.00	1139618	0	0
2018.05.01	24119.00	24183.00	23751.00	24090.00	1259497	0	0
2018.05.02	24088.50	24133.00	23794.00	23807.00	1327598	0	0
2018.05.03	23816.50	23937.00	23466.00	23906.00	1609546	0	0
2018.05.04	23902.50	24277.00	23718.00	24231.00	1482528	0	0
2018.05.07	24220.50	24422.00	24202.00	24284.00	1158107	0	0
2018.05.08	24277.50	24353.00	24132.00	24295.00	1347947	0	0
2018.05.09	24288.00	24539.00	24263.00	24498.00	1060738	0	0
2018.05.10	24505.00	24762.00	24469.00	24672.00	966243	0	0
2018.05.11	24671.50	24844.00	24671.50	24822.00	930853	0	0
2018.05.14	24806.50	24968.00	24806.50	24866.00	801787	0	0
2018.05.15	24858.50	24891.00	24600.00	24660.00	1200478	0	0
2018.05.16	24672.00	24775.00	24610.00	24732.00	885837	0	0
2018.05.17	24735.00	24834.00	24629.00	24702.00	908923	0	0
2018.05.18	24704.00	24799.00	24653.00	24718.00	963520	0	0
2018.05.21	24850.00	25077.00	24850.00	25006.00	800258	0	0
2018.05.22	24992.00	25063.00	24803.00	24832.00	677611	0	0
2018.05.23	24832.50	24876.00	24623.00	24849.00	1173945	0	0
2018.05.24	24850.50	24863.00	24582.00	24798.00	1091553	0	0
2018.05.25	24796.50	24898.00	24672.00	24722.00	991916	0	0
2018.05.28	24821.50	24836.00	24703.00	24769.00	558256	0	0
2018.05.29	24766.50	24783.00	24228.00	24393.00	1509794	0	0
2018.05.30	24392.00	24712.00	24321.00	24652.00	1237907	0	0
2018.05.31	24629.00	24701.00	24340.00	24433.00	1237344	0	0
2018.06.01	24435.00	24676.00	24420.00	24623.00	999862	0	0
2018.06.04	24601.50	24860.00	24583.00	24805.00	824599	0	0
2018.06.05	24798.50	24856.00	24706.00	24819.00	809737	0	0
2018.06.06	24820.50	25157.00	24810.00	25149.00	777910	0	0
2018.06.07	25143.50	25324.00	25117.00	25273.00	1035018	0	0
2018.06.08	25253.50	25323.00	25073.00	25304.00	1035413	0	0
2018.06.11	25266.00	25397.00	25231.50	25323.00	814345	0	0
2018.06.12	25309.50	25382.00	25237.00	25329.00	892244	0	0
2018.06.13	25339.00	25378.00	25200.00	25212.00	751744	0	0
2018.06.14	25200.50	25350.00	25146.00	25213.00	848380	0	0
2018.06.15	25214.50	25214.50	24907.00	25105.00	1078615	0	0
2018.06.18	25067.00	25145.00	24835.50	25003.00	897605	0	0
2018.06.19	24999.50	25012.00	24566.00	24723.00	1485646	0	0
2018.06.20	24711.50	24854.00	24630.00	24666.00	1027757	0	0
2018.06.21	24668.50	24792.00	24401.00	24462.00	1259049	0	0
2018.06.22	24452.00	24661.00	24442.00	24599.00	933630	0	0
2018.06.25	24593.00	24611.00	24075.00	24278.00	1614159	0	0
2018.06.26	24272.50	24372.00	24214.00	24264.00	1284162	0	0
2018.06.27	24275.50	24561.00	24075.00	24134.00	1710303	0	0
2018.06.28	24135.50	24292.00	23976.00	24245.00	1773363	0	0
2018.06.29	24247.00	24493.00	24204.00	24278.00	1388680	0	0
2018.07.02	24265.50	24320.00	24023.00	24281.00	1537311	0	0
2018.07.03	24295.50	24441.00	24126.00	24149.00	1129281	0	0
2018.07.04	24157.00	24248.00	24122.00	24210.00	707824	0	0
2018.07.05	24194.00	24358.00	24111.00	24334.00	1289990	0	0
2018.07.06	24314.50	24504.00	24237.00	24448.00	1265170	0	0
2018.07.09	24450.50	24788.00	24450.00	24781.00	839947	0	0
2018.07.10	24775.50	24934.00	24745.00	24799.00	903997	0	0
2018.07.11	24747.50	24802.00	24608.00	24704.00	1497163	0	0
2018.07.12	24709.50	24924.00	24679.00	24894.00	996848	0	0
2018.07.13	24900.00	25026.00	24866.00	25000.00	869020	0	0
2018.07.16	25048.00	25086.00	24960.00	25049.00	789229	0	0
2018.07.17	25052.50	25138.00	24969.00	25113.00	869194	0	0
2018.07.18	25115.00	25193.00	25079.00	25159.00	709393	0	0
2018.07.19	25165.00	25201.00	25032.00	25047.00	890787	0	0
2018.07.20	25052.50	25107.00	24908.00	25024.00	1029162	0	0
2018.07.23	25071.50	25076.00	24956.00	25026.00	868148	0	0
2018.07.24	25018.50	25265.00	25018.50	25186.00	936432	0	0
2018.07.25	25199.00	25443.00	25085.00	25443.00	991901	0	0
2018.07.26	25433.50	25565.00	25392.00	25497.00	983454	0	0
2018.07.27	25499.00	25566.00	25347.00	25406.00	973610	0	0
2018.07.30	25417.00	25472.00	25261.00	25298.00	939131	0	0
2018.07.31	25298.50	25481.00	25267.00	25468.00	869983	0	0
2018.08.01	25457.50	25468.00	25246.00	25315.00	943203	0	0
2018.08.02	25311.50	25327.00	25085.00	25320.00	1006298	0	0
2018.08.03	25326.00	25433.00	25256.00	25410.00	764616	0	0
2018.08.06	25425.00	25506.00	25343.00	25461.00	719387	0	0
2018.08.07	25468.00	25657.00	25457.00	25613.00	572868	0	0
2018.08.08	25608.00	25629.00	25498.00	25498.00	571215	0	0
2018.08.09	25501.00	25599.00	25456.00	25468.00	583671	0	0
2018.08.10	25473.00	25485.00	25212.00	25330.00	962315	0	0
2018.08.13	25325.50	25368.00	25141.00	25223.00	1204912	0	0
2018.08.14	25218.50	25330.00	25190.00	25307.00	922394	0	0
2018.08.15	25306.50	25313.00	24952.00	25197.00	1151837	0	0
2018.08.16	25195.50	25605.00	25144.00	25584.00	994798	0	0
2018.08.17	25574.50	25728.00	25503.00	25670.00	958073	0	0
2018.08.20	25689.50	25788.00	25659.00	25748.00	726654	0	0
2018.08.21	25747.00	25883.00	25718.00	25742.00	675623	0	0
2018.08.22	25713.00	25833.00	25673.00	25728.00	857013	0	0
2018.08.23	25729.00	25764.00	25605.00	25669.00	761696	0	0
2018.08.24	25677.00	25825.00	25650.00	25789.00	705402	0	0
2018.08.27	25806.00	26084.00	25803.00	26084.00	619730	0	0
2018.08.28	26077.00	26152.00	26042.00	26082.00	607479	0	0
2018.08.29	26087.50	26182.00	26049.00	26149.00	619037	0	0
2018.08.30	26153.00	26165.00	25944.00	25978.00	804788	0	0
2018.08.31	25972.00	26046.00	25894.00	26015.00	855372	0	0
2018.09.03	26017.50	26076.00	25957.00	26028.00	456916	0	0
2018.09.04	26022.50	26065.00	25816.00	25980.00	947723	0	0
2018.09.05	25986.00	26023.00	25838.00	25983.00	978439	0	0
2018.09.06	25984.00	26090.00	25892.00	26012.00	1069656	0	0
2018.09.07	26009.00	26034.00	25830.00	25959.00	1154026	0	0
2018.09.10	25945.50	26057.00	25871.00	25894.00	887182	0	0
2018.09.11	25889.50	26033.00	25762.00	26005.00	813441	0	0
2018.09.12	26001.00	26160.00	25938.00	25999.00	956843	0	0
2018.09.13	25996.50	26216.00	25977.00	26173.00	868678	0	0
2018.09.14	26177.00	26249.00	26104.00	26186.00	774095	0	0
2018.09.17	26175.00	26219.00	26064.00	26098.00	729789	0	0
2018.09.18	26089.00	26355.00	25987.00	26312.00	920813	0	0
2018.09.19	26316.00	26500.00	26261.00	26471.00	694635	0	0
2018.09.20	26477.00	26741.00	26453.00	26736.00	695738	0	0
2018.09.21	26730.50	26816.00	26710.00	26754.00	701454	0	0
2018.09.24	26705.50	26735.00	26575.00	26617.00	743026	0	0
2018.09.25	26619.00	26700.00	26499.00	26521.00	651090	0	0
2018.09.26	26517.50	26624.00	26366.00	26413.00	735623	0	0
2018.09.27	26411.50	26573.00	26354.00	26493.00	838253	0	0
2018.09.28	26495.00	26530.00	26344.00	26488.00	879416	0	0
2018.10.01	26519.00	26751.00	26516.00	26673.00	823296	0	0
2018.10.02	26674.50	26834.00	26549.00	26816.00	866684	0	0
2018.10.03	26808.50	26960.00	26772.00	26820.00	859849	0	0
2018.10.04	26824.50	26825.00	26481.00	26684.00	1245960	0	0
2018.10.05	26667.50	26732.00	26309.00	26488.00	1346177	0	0
2018.10.08	26529.50	26545.00	26223.00	26528.00	1313963	0	0
2018.10.09	26527.50	26555.00	26335.00	26469.00	1311105	0	0
2018.10.10	26468.00	26518.00	25427.00	25434.00	1872361	0	0
2018.10.11	25456.00	25677.00	24892.00	25203.00	3966815	0	0
2018.10.12	25213.00	25541.00	24992.00	25315.00	2760335	0	0
2018.10.15	25327.50	25468.00	25108.00	25180.00	2173714	0	0
2018.10.16	25171.50	25800.00	25163.00	25764.00	1578165	0	0
2018.10.17	25745.50	25841.00	25459.00	25739.00	1667211	0	0
2018.10.18	25704.50	25722.00	25216.00	25393.00	2021712	0	0
2018.10.19	25382.50	25593.00	25336.00	25425.00	1817976	0	0
2018.10.22	25363.00	25561.00	25218.00	25303.00	1914463	0	0
2018.10.23	25295.00	25306.00	24750.00	25241.00	2530261	0	0
2018.10.24	25236.00	25334.00	24509.00	24717.00	2609114	0	0
2018.10.25	24689.00	25075.00	24568.00	24831.00	2629215	0	0
2018.10.26	24776.50	24882.00	24413.00	24745.00	3471184	0	0
2018.10.29	24716.00	25003.00	24083.00	24386.00	2730965	0	0
2018.10.30	24367.50	24895.00	24327.00	24886.00	2812464	0	0
2018.10.31	24865.50	25300.00	24820.00	25048.00	1891614	0	0
2018.11.01	25048.00	25359.00	25046.00	25289.00	1761559	0	0
2018.11.02	25200.00	25679.00	25034.00	25239.00	2338233	0	0
2018.11.05	25216.00	25462.00	25127.00	25442.00	1490814	0	0
2018.11.06	25437.50	25656.00	25363.00	25632.00	1350862	0	0
2018.11.07	25617.00	26193.00	25531.00	26181.00	1908464	0	0
2018.11.08	26175.00	26265.00	26066.00	26179.00	1344813	0	0
2018.11.09	26171.50	26232.00	25871.00	25968.00	1561132	0	0
2018.11.12	25972.50	26093.00	25331.00	25394.00	1760210	0	0
2018.11.13	25403.50	25561.00	25179.00	25333.00	2323965	0	0
2018.11.14	25366.50	25485.00	24920.00	25075.00	2300706	0	0
2018.11.15	25070.00	25346.00	24780.00	25327.00	2631314	0	0
2018.11.16	25311.50	25501.00	25093.00	25442.00	1971984	0	0
2018.11.19	25382.50	25487.00	24888.00	25037.00	1885864	0	0
2018.11.20	25030.50	25039.00	24352.00	24415.00	2467815	0	0
2018.11.21	24438.50	24656.00	24377.00	24469.00	1800215	0	0
2018.11.22	24471.00	24535.00	24288.00	24329.00	947229	0	0
2018.11.23	24337.00	24423.00	24244.00	24269.00	1120547	0	0
2018.11.26	24271.00	24661.00	24268.00	24497.00	1423963	0	0
2018.11.27	24500.00	24777.00	24403.00	24769.00	1827965	0	0
2018.11.28	24769.50	25365.00	24723.00	25330.00	1498263	0	0
2018.11.29	25321.00	25480.00	25204.00	25368.00	1474364	0	0
2018.11.30	25374.00	25592.00	25220.00	25585.00	1228231	0	0
2018.12.03	25811.00	26084.00	25682.00	25827.00	1684615	0	0
2018.12.04	25832.50	25835.00	24996.00	25036.00	2191964	0	0
2018.12.05	25022.00	25183.00	25002.00	25165.00	829125	0	0
2018.12.06	25127.50	25130.00	24254.00	24926.00	3416415	0	0
2018.12.07	24924.50	25111.00	24295.00	24412.00	2696085	0	0
2018.12.10	24312.50	24514.00	23893.00	24471.00	2759465	0	0
2018.12.11	24478.50	24819.00	24228.00	24332.00	2531815	0	0
2018.12.12	24336.50	24841.00	24332.50	24548.00	2239865	0	0
2018.12.13	24565.50	24748.00	24478.00	24571.00	2068815	0	0
2018.12.14	24585.50	24605.00	24039.00	24106.00	1985784	0	0
2018.12.17	24006.00	24221.50	23463.00	23695.00	2116253	0	0
2018.12.18	23684.50	23935.00	23524.00	23567.00	2167215	0	0
2018.12.19	23548.00	24072.00	23168.00	23302.00	2540065	0	0
2018.12.20	23309.00	23430.00	22635.00	23041.00	3521115	0	0
2018.12.21	23036.00	23244.00	22368.00	22388.00	3083233	0	0
2018.12.24	22365.00	22568.00	21965.00	22004.00	2080471	0	0
2018.12.26	21630.00	22966.00	21594.00	22867.00	2534230	0	0
2018.12.27	22883.00	23196.00	22239.00	23094.00	3372815	0	0
2018.12.28	23120.50	23367.00	22955.00	23033.00	3089885	0	0
2018.12.31	23126.00	23301.00	23088.00	23166.00	1221869	0	0
2019.01.02	23070.00	23388.00	22782.00	23112.00	2166071	0	0
2019.01.03	23039.00	23119.00	22612.00	22691.00	2915515	0	0
2019.01.04	22699.50	23500.00	22560.00	23386.00	2576885	0	0
2019.01.07	23453.50	23665.00	23277.00	23537.00	2077265	0	0
2019.01.08	23529.50	23843.00	23494.00	23725.00	1889065	0	0
2019.01.09	23718.00	23962.00	23711.00	23836.00	1788065	0	0
2019.01.10	23822.00	23996.00	23637.00	23960.00	1769514	0	0
2019.01.11	23956.50	23989.00	23766.00	23947.00	1382180	0	0
2019.01.14	23896.00	23932.00	23693.00	23867.00	1302807	0	0
2019.01.15	23865.00	24070.00	23821.00	23986.00	1562613	0	0
2019.01.16	23985.50	24255.50	23956.00	24158.50	1299465	0	0
2019.01.17	24157.00	24445.00	24007.00	24343.50	1476013	0	0
2019.01.18	24334.50	24724.50	24295.00	24682.00	1369885	0	0
2019.01.21	24682.50	24697.50	24524.50	24609.00	719186	0	0
2019.01.22	24579.00	24639.50	24214.00	24403.50	1539615	0	0
2019.01.23	24384.50	24667.50	24272.50	24536.50	1633515	0	0
2019.01.24	24515.00	24603.00	24383.50	24485.00	1604265	0	0
2019.01.25	24473.50	24826.00	24454.00	24689.50	1325135	0	0
2019.01.28	24662.00	24704.00	24281.50	24457.00	1469115	0	0
2019.01.29	24452.50	24634.00	24346.00	24620.00	1368265	0	0
2019.01.30	24635.00	25064.50	24536.50	24972.50	1463615	0	0
2019.01.31	24924.50	25042.50	24793.50	25032.00	1357465	0	0
2019.02.01	25026.50	25139.00	24931.00	24996.50	1388935	0	0
2019.02.04	24941.00	25194.50	24921.50	25168.50	995615	0	0
2019.02.05	25168.00	25369.00	25137.50	25315.50	936563	0	0
2019.02.06	25322.00	25383.60	25253.50	25310.00	983171	0	0
2019.02.07	25308.80	25326.80	24963.60	25119.50	1386324	0	0
2019.02.08	25114.80	25121.80	24859.60	25078.10	1312955	0	0
2019.02.11	25086.30	25220.80	24978.60	25017.30	1164763	0	0
2019.02.12	25000.80	25435.60	25000.80	25405.30	949494	0	0
2019.02.13	25391.30	25603.60	25382.30	25482.80	986284	0	0
2019.02.14	25484.80	25616.80	25301.60	25403.30	1352628	0	0
2019.02.15	25402.80	25893.60	25270.80	25884.10	1274354	0	0
2019.02.18	25885.30	25931.30	25843.30	25898.10	616336	0	0
2019.02.19	25892.80	25954.60	25785.30	25874.80	919062	0	0
2019.02.20	25876.30	25980.60	25821.80	25960.80	1067631	0	0
2019.02.21	25958.80	26078.80	25750.60	25830.80	1205433	0	0
2019.02.22	25830.30	26041.10	25802.30	25998.60	1003733	0	0
2019.02.25	26070.30	26235.60	26036.30	26080.80	962465	0	0
2019.02.26	26088.80	26146.60	25950.30	26011.30	1102495	0	0
2019.02.27	26004.30	26052.30	25870.10	26023.80	952505	0	0
2019.02.28	26025.30	26025.30	25874.80	25924.30	1023883	0	0
2019.03.01	25914.30	26139.10	25891.30	26030.10	922433	0	0
2019.03.04	26117.30	26164.80	25601.60	25802.30	1281483	0	0
2019.03.05	25806.30	25886.30	25718.60	25795.30	1159095	0	0
2019.03.06	25779.30	25829.60	25622.10	25663.30	1147143	0	0
2019.03.07	25663.80	25702.80	25334.60	25457.30	1334343	0	0
2019.03.08	25446.30	25499.60	25209.80	25495.60	1356780	0	0
2019.03.11	25450.80	25689.80	25215.60	25661.30	1199840	0	0
2019.03.12	25667.30	25754.80	25509.60	25581.80	1159977	0	0
2019.03.13	25558.30	25772.60	25456.30	25748.80	1152306	0	0
2019.03.14	25790.30	25824.80	25650.10	25742.80	1060281	0	0
2019.03.15	25738.30	25957.60	25675.60	25897.60	987999	0	0
2019.03.18	25860.30	25972.60	25805.80	25957.30	897432	0	0
2019.03.19	25958.30	26142.60	25844.60	25907.30	1012993	0	0
2019.03.20	25912.30	25962.80	25693.30	25697.30	1323045	0	0
2019.03.21	25697.30	26038.60	25604.80	25982.80	1273133	0	0
2019.03.22	25974.30	26033.30	25526.60	25568.10	1641603	0	0
2019.03.25	25580.80	25644.30	25374.80	25577.30	1781815	0	0
2019.03.26	25581.00	25818.60	25558.30	25665.80	1374381	0	0
2019.03.27	25668.80	25776.60	25438.60	25625.30	1530693	0	0
2019.03.28	25620.80	25758.60	25522.80	25743.80	1370393	0	0
2019.03.29	25727.80	25953.60	25721.80	25942.10	1163959	0	0
2019.04.01	25975.25	26284.55	25975.25	26245.75	1095244	0	0
2019.04.02	26229.75	26276.25	26123.55	26140.25	942861	0	0
2019.04.03	26139.25	26298.25	26130.75	26240.25	1008917	0	0
2019.04.04	26296.25	26407.05	26193.25	26388.25	1081062	0	0
2019.04.05	26381.75	26504.75	26358.75	26395.05	900697	0	0
2019.04.08	26384.75	26408.25	26245.55	26337.75	847907	0	0
2019.04.09	26334.25	26344.75	26102.55	26144.25	845929	0	0
2019.04.10	26135.75	26229.15	26103.05	26171.75	968726	0	0
2019.04.11	26175.75	26225.55	26058.05	26152.25	867639	0	0
2019.04.12	26151.75	26437.55	26137.75	26406.55	853029	0	0
2019.04.15	26404.75	26471.75	26314.05	26382.75	713156	0	0
2019.04.16	26387.25	26549.75	26373.75	26433.25	863643	0	0
2019.04.17	26422.75	26513.25	26381.55	26434.25	847788	0	0
2019.04.18	26434.25	26596.55	26306.75	26567.75	924023	0	0
2019.04.22	26562.25	26625.25	26445.55	26509.75	769055	0	0
2019.04.23	26515.25	26685.55	26459.75	26639.25	731657	0	0
2019.04.24	26644.25	26689.75	26515.75	26519.75	847913	0	0
2019.04.25	26527.25	26574.25	26288.55	26415.75	914907	0	0
2019.04.26	26404.75	26525.55	26342.25	26516.55	1069611	0	0
2019.04.29	26496.25	26581.05	26479.45	26561.25	814755	0	0
2019.04.30	26559.25	26649.75	26395.55	26636.75	845547	0	0
2019.05.01	26643.25	26687.25	26330.25	26337.25	870361	0	0
2019.05.02	26335.75	26456.75	26145.55	26271.25	1248944	0	0
2019.05.03	26269.75	26505.55	26241.75	26495.05	862155	0	0
2019.05.06	26224.75	26443.05	25929.25	26199.25	1919385	0	0
2019.05.07	26214.25	26388.75	25749.05	25967.75	1891334	0	0
2019.05.08	25954.75	26075.55	25795.75	25988.25	1799044	0	0
2019.05.09	25979.25	25990.75	25497.55	25803.75	1924482	0	0
2019.05.10	25791.25	26011.55	25462.05	25960.05	2726054	0	0
2019.05.13	25743.25	25811.25	25212.55	25289.25	2056632	0	0
2019.05.14	25274.25	25673.55	25215.25	25572.75	1466365	0	0
2019.05.15	25583.25	25711.05	25323.55	25665.25	1431584	0	0
2019.05.16	25659.25	25951.55	25551.75	25872.25	1310934	0	0
2019.05.17	25875.75	25945.55	25625.55	25778.55	1575650	0	0
2019.05.20	25768.75	25897.25	25551.55	25716.25	1591809	0	0
2019.05.21	25723.75	25891.05	25709.75	25854.75	1110237	0	0
2019.05.22	25855.25	25899.75	25730.75	25762.75	1072864	0	0
2019.05.23	25769.75	25775.25	25318.55	25493.25	1463758	0	0
2019.05.24	25484.75	25660.05	25453.75	25618.55	1098555	0	0
2019.05.27	25610.25	25691.25	25581.25	25644.55	601339	0	0
2019.05.28	25635.25	25712.55	25326.75	25363.25	1139757	0	0
2019.05.29	25357.25	25372.75	24934.55	25104.25	1490662	0	0
2019.05.30	25100.75	25211.55	25054.25	25183.00	1162739	0	0
2019.05.31	25173.25	25187.25	24785.55	24803.05	1544600	0	0
2019.06.03	24729.75	24934.05	24606.75	24910.00	1772684	0	0
2019.06.04	24912.75	25359.75	24821.75	25358.00	1327690	0	0
2019.06.05	25355.75	25567.25	25340.25	25561.00	1270535	0	0
2019.06.06	25492.75	25803.55	25433.75	25696.50	1250464	0	0
2019.06.07	25689.25	26080.55	25679.25	26004.55	1067903	0	0
2019.06.10	26164.25	26275.25	26044.25	26096.50	1101280	0	0
2019.06.11	26099.75	26257.55	26006.55	26066.00	1029039	0	0
2019.06.12	26061.75	26094.55	25957.75	26014.00	1001039	0	0
2019.06.13	26017.75	26150.55	25889.25	26130.50	1175534	0	0
2019.06.14	26132.75	26173.55	26000.55	26122.05	1000078	0	0
2019.06.17	26131.75	26214.75	26061.55	26148.50	780525	0	0
2019.06.18	26154.25	26546.05	26070.75	26498.00	1061207	0	0
2019.06.19	26484.25	26584.05	26430.05	26523.50	1046234	0	0
2019.06.20	26511.75	26808.55	26511.75	26758.50	1020792	0	0
2019.06.21	26757.75	26918.55	26680.75	26693.55	1041863	0	0
2019.06.24	26669.75	26811.55	26662.75	26750.00	799656	0	0
2019.06.25	26749.75	26822.25	26537.55	26565.00	1048685	0	0
2019.06.26	26559.75	26698.75	26505.25	26520.00	1004438	0	0
2019.06.27	26516.25	26661.25	26441.75	26552.50	994588	0	0
2019.06.28	26578.25	26668.55	26518.55	26665.05	833479	0	0
2019.07.01	26812.75	26890.25	26606.55	26692.00	1028239	0	0
2019.07.02	26693.75	26800.75	26620.05	26794.00	880038	0	0
2019.07.03	26796.25	26973.55	26747.25	26969.55	638049	0	0
2019.07.04	26977.75	26998.75	26935.75	26983.05	367966	0	0
2019.07.05	26983.25	27000.25	26725.55	26881.55	826015	0	0
2019.07.08	26886.75	26921.75	26739.55	26792.00	870531	0	0
2019.07.09	26788.25	26804.55	26653.75	26782.00	821178	0	0
2019.07.10	26779.25	26979.55	26684.75	26854.00	940354	0	0
2019.07.11	26852.75	27088.55	26848.25	27077.50	842182	0	0
2019.07.12	27069.25	27326.55	27067.25	27300.55	707122	0	0
2019.07.15	27300.25	27392.75	27259.25	27335.00	656644	0	0
2019.07.16	27339.25	27391.75	27276.55	27317.00	698306	0	0
2019.07.17	27313.75	27372.75	27181.75	27182.50	697419	0	0
2019.07.18	27153.25	27299.75	27055.05	27293.00	929132	0	0
2019.07.19	27302.25	27337.75	27123.55	27129.55	1013681	0	0
2019.07.22	27101.25	27209.55	27075.55	27168.00	922132	0	0
2019.07.23	27171.75	27354.55	27157.25	27301.50	792069	0	0
2019.07.24	27297.75	27342.25	27173.55	27237.00	840225	0	0
2019.07.25	27241.25	27344.75	27037.55	27082.00	1004875	0	0
2019.07.26	27082.75	27189.55	27073.75	27145.55	704400	0	0
2019.07.29	27138.75	27251.55	27108.25	27211.00	644867	0	0
2019.07.30	27209.25	27247.25	27039.55	27200.50	861144	0	0
2019.07.31	27205.75	27251.75	26692.05	26782.50	1179652	0	0
2019.08.01	26754.75	27144.55	26508.25	26518.00	1782540	0	0
2019.08.02	26531.75	26654.25	26210.05	26440.55	2053685	0	0
2019.08.05	26430.25	26456.25	25473.55	25505.00	2263890	0	0
2019.08.06	25441.25	25992.55	25029.75	25917.00	2915000	0	0
2019.08.07	25895.75	26030.25	25390.05	25929.50	2425639	0	0
2019.08.08	25929.25	26368.75	25842.75	26360.50	1649310	0	0
2019.08.09	26267.75	26390.55	26071.05	26256.55	1731405	0	0
2019.08.12	26262.75	26349.25	25798.35	25881.50	1795525	0	0
2019.08.13	25877.75	26403.05	25747.25	26313.00	2042244	0	0
2019.08.14	26305.25	26345.25	25407.75	25409.00	2251440	0	0
2019.08.15	25380.25	25703.25	25222.75	25598.50	2769860	0	0
2019.08.16	25593.75	25923.55	25572.25	25909.55	1535785	0	0
2019.08.19	25906.25	26233.25	25906.25	26114.50	1210282	0	0
2019.08.20	26111.75	26193.75	25882.75	25891.00	1240712	0	0
2019.08.21	25881.25	26261.55	25871.75	26253.50	1058938	0	0
2019.08.22	26247.25	26371.55	26084.55	26208.00	1274764	0	0
2019.08.23	26203.75	26342.75	25489.05	25671.05	2069828	0	0
2019.08.26	25456.75	25977.25	25264.75	25913.00	2584721	0	0
2019.08.27	25928.25	26059.75	25709.55	25762.50	1697689	0	0
2019.08.28	25755.75	26040.05	25619.05	25987.50	1501614	0	0
2019.08.29	25982.75	26402.55	25926.25	26359.50	1332960	0	0
2019.08.30	26355.25	26554.25	26296.50	26372.05	1275243	0	0
2019.09.02	26202.75	26365.75	26110.55	26208.55	933311	0	0
2019.09.03	26190.75	26299.75	25975.55	26106.00	1752190	0	0
2019.09.04	26097.75	26383.75	26080.25	26370.00	1169440	0	0
2019.09.05	26368.25	26840.55	26352.75	26684.50	1257036	0	0
2019.09.06	26682.75	26864.05	26682.75	26806.05	1097581	0	0
2019.09.09	26803.25	26909.55	26770.55	26850.50	882782	0	0
2019.09.10	26849.25	26915.25	26722.55	26904.00	1139486	0	0
2019.09.11	26898.25	27162.25	26845.25	27151.50	1051220	0	0
2019.09.12	27150.25	27316.75	27107.55	27172.00	1345093	0	0
2019.09.13	27188.75	27318.25	27188.75	27218.55	933380	0	0
2019.09.16	27107.75	27176.55	27010.75	27110.40	1305220	0	0
2019.09.17	27108.75	27131.25	26980.55	27110.90	950929	0	0
2019.09.18	27115.75	27176.05	26897.55	27152.90	932277	0	0
2019.09.19	27156.75	27259.55	26989.25	27079.40	1031685	0	0
2019.09.20	27073.25	27172.55	26883.55	26889.55	968983	0	0
2019.09.23	26956.25	27039.75	26801.55	26992.40	1020998	0	0
2019.09.24	26998.75	27096.75	26683.55	26849.40	1301360	0	0
2019.09.25	26842.75	26996.05	26713.75	26955.90	1270080	0	0
2019.09.26	26953.75	27037.75	26779.55	26881.40	1153328	0	0
2019.09.27	26883.75	26987.25	26686.55	26794.05	1285534	0	0
2019.09.30	26895.25	26964.55	26802.25	26951.90	1102746	0	0
2019.10.01	26945.25	27035.75	26513.55	26549.40	1254348	0	0
2019.10.02	26553.75	26612.75	25928.05	26003.90	1590069	0	0
2019.10.03	26005.25	26181.75	25701.55	26167.40	1768029	0	0
2019.10.04	26174.25	26546.05	26057.25	26512.55	1360185	0	0
2019.10.07	26345.25	26611.55	26337.90	26419.40	1299200	0	0
2019.10.08	26414.25	26545.75	26090.55	26141.40	1749879	0	0
2019.10.09	26134.75	26395.75	26081.75	26324.40	1568430	0	0
2019.10.10	26317.25	26595.25	25980.25	26558.40	2166870	0	0
2019.10.11	26555.75	26970.55	26493.25	26770.55	1590355	0	0
2019.10.14	26760.75	26890.75	26633.25	26749.40	1192050	0	0
2019.10.15	26747.25	27075.55	26747.25	26989.40	1037997	0	0
2019.10.16	26994.25	27013.55	26888.25	26929.40	1070718	0	0
2019.10.17	26921.25	27082.75	26872.75	26992.40	1043178	0	0
2019.10.18	26993.25	27019.25	26723.55	26750.55	1052784	0	0
2019.10.21	26720.75	26833.25	26703.55	26790.40	894089	0	0
2019.10.22	26795.75	26900.55	26712.75	26729.40	930122	0	0
2019.10.23	26746.75	26847.55	26585.25	26789.90	1050250	0	0
2019.10.24	26811.25	26867.55	26659.55	26741.90	937047	0	0
2019.10.25	26763.75	26963.55	26706.75	26898.05	773247	0	0
2019.10.28	26922.25	27116.05	26922.25	27038.90	766863	0	0
2019.10.29	27047.25	27104.55	26964.75	27046.40	764923	0	0
2019.10.30	27047.75	27220.25	26938.50	27178.40	853771	0	0
2019.10.31	27170.75	27175.25	26844.55	26974.40	1106149	0	0
2019.11.01	26981.25	27274.55	26955.25	27256.55	757158	0	0
2019.11.04	27274.25	27446.55	27274.25	27385.40	705727	0	0
2019.11.05	27390.75	27489.55	27363.25	27415.40	863999	0	0
2019.11.06	27416.75	27465.75	27338.55	27440.90	772228	0	0
2019.11.07	27441.75	27734.55	27387.25	27679.90	898442	0	0
2019.11.08	27676.75	27709.25	27541.55	27627.05	806635	0	0
2019.11.11	27639.25	27669.55	27468.55	27658.40	771244	0	0
2019.11.12	27654.25	27728.55	27594.05	27645.40	803693	0	0
2019.11.13	27658.25	27767.25	27519.75	27762.40	860247	0	0
2019.11.14	27764.75	27802.25	27631.05	27747.90	926200	0	0
2019.11.15	27747.75	27966.55	27732.75	27946.55	740861	0	0
2019.11.18	27954.75	28054.75	27923.75	28011.40	767676	0	0
2019.11.19	28009.75	28124.75	27858.55	27877.90	848790	0	0
2019.11.20	27879.25	27879.25	27640.55	27797.40	1104499	0	0
2019.11.21	27712.75	27841.75	27650.25	27744.40	1215150	0	0
2019.11.22	27749.25	27864.55	27719.25	27860.05	832413	0	0
2019.11.25	27927.75	28041.25	27901.25	28024.40	580896	0	0
2019.11.26	28021.75	28146.25	27995.75	28130.40	753617	0	0
2019.11.27	28117.75	28168.75	28055.55	28147.90	596785	0	0
2019.11.28	28150.25	28151.75	28041.25	28101.55	381277	0	0
2019.11.29	28107.75	28119.25	28038.55	28068.55	510695	0	0
2019.12.02	28080.25	28193.75	27768.75	27769.40	970474	0	0
2019.12.03	27777.25	27843.25	27309.55	27488.90	1236474	0	0
2019.12.04	27479.75	27723.05	27393.75	27638.40	1068150	0	0
2019.12.05	27638.25	27769.75	27555.55	27678.90	1012130	0	0
2019.12.06	27682.25	28035.55	27672.75	28012.55	737530	0	0
2019.12.09	28020.25	28041.75	27874.75	27891.90	662568	0	0
2019.12.10	27892.25	27955.75	27721.75	27923.90	995477	0	0
2019.12.11	27911.25	27976.75	27801.55	27929.40	885418	0	0
2019.12.12	27928.75	28225.55	27853.25	28145.40	1138861	0	0
2019.12.13	28197.25	28295.55	28033.55	28163.55	1297934	0	0
2019.12.16	28191.75	28342.05	28155.25	28227.40	738946	0	0
2019.12.17	28230.25	28341.55	28170.25	28264.90	728174	0	0
2019.12.18	28261.25	28331.55	28254.75	28280.90	579959	0	0
2019.12.19	28283.25	28418.75	28251.25	28406.40	596733	0	0
2019.12.20	28404.75	28522.55	28372.75	28475.55	575567	0	0
2019.12.23	28487.75	28578.75	28472.25	28555.90	460062	0	0
2019.12.24	28557.75	28582.75	28501.55	28517.05	239521	0	0
2019.12.26	28539.25	28620.55	28521.25	28599.40	261211	0	0
2019.12.27	28600.25	28716.75	28593.25	28605.55	526305	0	0
2019.12.30	28615.25	28655.25	28400.05	28435.40	703761	0	0
2019.12.31	28432.75	28483.75	28338.55	28402.55	441170	0	0
2020.01.02	28594.75	28865.90	28589.55	28864.90	598223	0	0
2020.01.03	28853.25	28887.25	28427.75	28598.55	1387583	0	0
2020.01.06	28488.75	28696.55	28346.75	28623.90	1087150	0	0
2020.01.07	28632.25	28731.75	28444.25	28497.40	1056428	0	0
2020.01.08	28494.75	28829.55	28081.75	28759.90	1869050	0	0
2020.01.09	28774.25	28949.55	28742.25	28921.40	945177	0	0
2020.01.10	28927.25	29019.25	28749.05	28774.55	801011	0	0
2020.01.13	28782.25	28902.75	28776.55	28858.90	757785	0	0
2020.01.14	28870.25	29011.55	28733.75	28924.90	1056845	0	0
2020.01.15	28931.25	29085.55	28836.25	29029.40	988169	0	0
2020.01.16	29030.75	29259.05	29029.25	29254.40	713368	0	0
2020.01.17	29245.25	29357.75	29239.75	29273.55	715653	0	0
2020.01.20	29277.75	29314.25	29225.25	29293.55	336955	0	0
2020.01.21	29292.75	29297.25	29105.55	29169.90	989495	0	0
2020.01.22	29175.25	29305.25	29089.75	29103.90	900798	0	0
2020.01.23	29102.25	29147.55	28921.55	29121.40	1108849	0	0
2020.01.24	29130.75	29237.55	28793.55	28929.55	1193076	0	0
2020.01.27	28716.75	28728.25	28404.55	28491.40	1915200	0	0
2020.01.28	28470.90	28776.55	28469.75	28754.90	1426045	0	0
2020.01.29	28733.25	28885.05	28650.25	28693.40	1360950	0	0
2020.01.30	28708.75	28839.55	28430.55	28827.40	1962065	0	0
2020.01.31	28826.25	28877.25	28103.05	28232.05	1994635	0	0
2020.02.03	28160.25	28570.05	28150.75	28364.40	1897000	0	0
2020.02.04	28358.75	28843.05	28283.25	28783.40	1527050	0	0
2020.02.05	28791.25	29271.25	28689.25	29244.90	1641030	0	0
2020.02.06	29255.75	29468.25	29183.55	29348.90	1442180	0	0
2020.02.07	29354.25	29364.25	29003.55	29043.05	1532635	0	0
2020.02.10	29013.25	29246.55	28847.25	29235.90	1525670	0	0
2020.02.11	29228.25	29390.75	29160.55	29240.40	1166730	0	0
2020.02.12	29259.25	29533.75	29206.25	29519.90	983070	0	0
2020.02.13	29527.25	29538.25	29242.25	29440.40	1386650	0	0
2020.02.14	29441.75	29515.25	29263.55	29393.05	1074835	0	0
2020.02.17	29404.25	29472.25	29392.75	29454.55	496034	0	0
2020.02.18	29397.25	29397.25	29097.05	29224.90	1252650	0	0
2020.02.19	29233.25	29393.55	29230.25	29340.40	917350	0	0
2020.02.20	29363.25	29429.75	28932.55	29151.40	1544270	0	0
2020.02.21	29151.25	29171.75	28869.55	28985.55	1744285	0	0
2020.02.24	28729.25	28749.75	27893.55	27960.90	2714620	0	0
2020.02.25	27926.25	28230.75	26975.05	27143.90	3410550	0	0
2020.02.26	27156.75	27515.55	26693.25	26823.90	4191900	0	0
2020.02.27	26819.25	26971.75	25497.25	25525.90	5277520	0	0
2020.02.28	25516.25	25767.75	24677.05	25531.55	7674335	0	0
2020.03.02	25127.40	26705.05	24853.75	26536.90	6499215	0	0
2020.03.03	26573.25	27053.55	25679.55	25806.90	6632650	0	0
2020.03.04	25796.25	27070.05	25701.25	26941.90	4388150	0	0
2020.03.05	26929.25	26970.25	25916.05	26129.40	4044930	0	0
2020.03.06	26145.25	26278.75	25189.75	25791.05	5264585	0	0
2020.03.09	24783.25	24783.25	23403.26	23590.76	3103436	0	0
2020.03.10	23740.40	25016.55	23424.25	24948.40	6810151	0	0
2020.03.11	24801.75	24890.25	23300.05	23574.90	6517955	0	0
2020.03.12	23530.25	23844.25	20872.25	20910.40	8231401	0	0
2020.03.13	20741.75	23127.75	20384.75	23018.75	8979786	0	0
2020.03.16	22822.76	22857.90	20062.75	20386.90	4725808	0	0
2020.03.17	20386.90	21371.00	19871.75	20869.90	9550536	0	0
2020.03.18	20800.90	20956.75	18893.75	20046.90	6461498	0	0
2020.03.19	19890.25	20386.25	18830.25	19594.40	10329399	0	0
2020.03.20	19559.75	20873.75	18973.25	19035.75	8047186	0	0
2020.03.23	18494.25	19793.55	18044.40	18476.90	8578363	0	0
2020.03.24	18662.26	20706.25	18602.26	20679.40	6255206	0	0
2020.03.25	20665.26	21879.25	20281.25	21039.40	7458409	0	0
2020.03.26	21081.76	22445.25	20513.25	22441.90	6760651	0	0
2020.03.27	22512.25	22514.25	21313.25	21446.75	5761541	0	0
2020.03.30	20854.40	22232.25	20820.76	22177.90	5147536	0	0
2020.03.31	22177.75	22379.25	21637.25	21691.90	4023095	0	0
2020.04.01	21673.75	21688.25	20646.05	20793.50	3904580	0	0
2020.04.02	20833.75	21360.55	20496.75	21264.50	4096323	0	0
2020.04.03	21286.75	21346.75	20737.05	20945.05	3824655	0	0
2020.04.06	20943.25	22656.55	20943.25	22491.00	3619550	0	0
2020.04.07	22478.75	23469.55	22298.75	22428.00	4910310	0	0
2020.04.08	22455.75	23387.55	22244.75	23294.50	4537640	0	0
2020.04.09	23297.25	23879.55	23026.55	23672.75	4484410	0	0
2020.04.13	23845.76	23876.76	22966.55	23310.50	3490181	0	0
2020.04.14	23323.75	23912.55	23245.25	23902.50	2913780	0	0
2020.04.15	23955.75	23955.75	23101.05	23327.00	3123230	0	0
2020.04.16	23334.25	23761.75	23077.55	23758.50	3344710	0	0
2020.04.17	24110.75	24319.25	23700.55	24153.55	3070670	0	0
2020.04.20	24089.25	24197.25	23440.05	23512.00	3099295	0	0
2020.04.21	23455.75	23676.25	22810.55	22940.00	3855910	0	0
2020.04.22	22975.25	23495.55	22814.75	23362.00	3023760	0	0
2020.04.23	23363.75	23769.05	23229.25	23355.50	2979390	0	0
2020.04.24	23327.75	23710.55	23154.25	23650.05	2545255	0	0
2020.04.27	23690.75	24089.55	23531.75	24002.50	2315540	0	0
2020.04.28	24004.75	24430.75	23876.25	23996.00	2548890	0	0
2020.04.29	24027.25	24679.25	23967.75	24674.00	2664665	0	0
2020.04.30	24666.75	24787.75	24071.05	24115.00	3067058	0	0
2020.05.01	24014.75	24073.75	23526.55	23615.05	2694110	0	0
2020.05.04	23309.76	23655.05	23207.00	23596.00	2754566	0	0
2020.05.05	23595.75	24053.05	23572.25	23761.00	2241090	0	0
2020.05.06	23743.75	23990.25	23496.05	23514.50	2479140	0	0
2020.05.07	23519.75	23995.05	23425.25	23867.00	2199515	0	0
2020.05.08	23870.25	24291.55	23846.75	24280.05	1798735	0	0
2020.05.11	24176.25	24467.00	23970.25	24099.50	2007165	0	0
2020.05.12	24114.75	24289.55	23464.75	23469.00	2255275	0	0
2020.05.13	23471.75	23775.25	22980.55	23223.00	2953440	0	0
2020.05.14	23253.25	23588.55	22702.55	23535.50	3336060	0	0
2020.05.15	23516.75	23670.25	23238.25	23512.55	2962560	0	0
2020.05.18	23606.26	24631.05	23535.25	24477.50	2232189	0	0
2020.05.19	24490.25	24761.25	24119.05	24146.50	2781890	0	0
2020.05.20	24120.75	24579.55	24072.75	24537.50	2149015	0	0
2020.05.21	24548.25	24656.55	24295.25	24373.00	2216465	0	0
2020.05.22	24372.25	24501.75	24097.75	24424.55	2190510	0	0
2020.05.25	24402.25	24731.55	24383.76	24705.05	1108309	0	0
2020.05.26	24698.25	25123.05	24620.75	25007.50	1813140	0	0
2020.05.27	25002.25	25568.25	24910.75	25534.00	2291865	0	0
2020.05.28	25537.76	25787.75	25308.05	25450.50	2677031	0	0
2020.05.29	25438.25	25478.05	24996.80	25472.05	2915540	0	0
2020.06.01	25229.25	25513.25	25092.25	25456.00	2377610	0	0
2020.06.02	25450.25	25716.05	25289.25	25702.00	1860590	0	0
2020.06.03	25705.75	26318.55	25677.25	26256.00	1775440	0	0
2020.06.04	26247.25	26365.05	26053.75	26283.00	2126515	0	0
2020.06.05	26279.25	27326.05	26209.75	27074.05	2489310	0	0
2020.06.08	27116.25	27558.05	27028.25	27524.50	2211590	0	0
2020.06.09	27569.25	27618.25	27122.25	27259.00	2287770	0	0
2020.06.10	27246.25	27483.25	26899.05	26947.50	2745760	0	0
2020.06.11	26937.75	26994.25	25057.05	25193.00	4051015	0	0
2020.06.12	25200.75	25946.55	25064.05	25538.05	4951860	0	0
2020.06.15	25038.76	25748.05	24404.75	25706.50	4734161	0	0
2020.06.16	25714.75	26653.25	25662.30	26168.00	4391790	0	0
2020.06.17	26104.25	26483.75	25927.05	26023.50	3446160	0	0
2020.06.18	26002.25	26142.75	25613.75	25905.00	3360290	0	0
2020.06.19	25899.75	26316.05	25516.05	25533.55	2830635	0	0
2020.06.22	25361.75	25979.25	25229.25	25942.00	2700158	0	0
2020.06.23	25950.75	26288.75	25511.25	25964.00	2953739	0	0
2020.06.24	25959.25	26116.75	25157.05	25396.00	3060175	0	0
2020.06.25	25372.75	25656.55	24998.75	25574.00	3540050	0	0
2020.06.26	25530.25	25647.75	24835.05	24955.55	2889335	0	0
2020.06.29	24775.25	25539.75	24742.25	25486.00	2869140	0	0
2020.06.30	25468.25	25768.05	25298.25	25641.00	2380540	0	0
2020.07.01	25639.25	25888.55	25378.25	25547.00	2265815	0	0
2020.07.02	25549.75	26076.55	25513.25	25731.00	2252365	0	0
2020.07.03	25730.25	25873.25	25436.05	25644.55	1363685	0	0
2020.07.06	25665.76	26190.25	25665.76	26151.00	2022839	0	0
2020.07.07	26155.75	26276.75	25739.55	25773.00	2028120	0	0
2020.07.08	25766.25	25995.75	25657.25	25984.00	2174410	0	0
2020.07.09	26005.75	26024.75	25396.05	25573.00	2215238	0	0
2020.07.10	25577.75	25986.05	25289.75	25975.05	2293465	0	0
2020.07.13	26036.76	26520.55	25912.05	25968.00	2297639	0	0
2020.07.14	25997.25	26572.05	25872.05	26499.00	2937965	0	0
2020.07.15	26728.75	27059.75	26568.55	26778.50	2529360	0	0
2020.07.16	26804.25	26852.75	26464.05	26565.50	2322115	0	0
2020.07.17	26580.75	26719.25	26502.55	26509.55	1605080	0	0
2020.07.20	26539.25	26651.55	26327.25	26620.00	1742390	0	0
2020.07.21	26613.25	26912.55	26586.75	26721.00	1680640	0	0
2020.07.22	26724.75	26920.55	26521.75	26872.50	1810365	0	0
2020.07.23	26890.25	27052.25	26446.05	26539.00	2084190	0	0
2020.07.24	26536.75	26608.75	26288.25	26318.55	2158135	0	0
2020.07.27	26277.26	26519.55	26228.75	26506.50	1858409	0	0
2020.07.28	26510.25	26594.75	26252.55	26278.00	1725590	0	0
2020.07.29	26283.75	26495.55	26184.75	26464.50	1472760	0	0
2020.07.30	26457.75	26466.75	25879.05	26403.00	1982865	0	0
2020.07.31	26415.25	26455.25	25902.55	26327.55	2265635	0	0
2020.08.03	26399.75	26596.55	26195.75	26555.50	1714789	0	0
2020.08.04	26562.25	26739.25	26435.75	26723.00	1515970	0	0
2020.08.05	26741.75	27109.05	26663.25	27066.50	1333090	0	0
2020.08.06	27056.75	27294.25	26922.25	27279.00	1592240	0	0
2020.08.07	27281.75	27363.05	27102.25	27332.05	1744785	0	0
2020.08.10	27361.25	27710.55	27256.25	27682.00	1447289	0	0
2020.08.11	27667.25	28062.55	27532.05	27663.50	1723740	0	0
2020.08.12	27687.25	27959.05	27610.75	27866.50	1794790	0	0
2020.08.13	27860.75	27928.75	27705.55	27829.00	1519960	0	0
2020.08.14	27820.25	27907.25	27598.25	27792.55	1462235	0	0
2020.08.17	27816.76	27922.75	27733.55	27765.00	1125138	0	0
2020.08.18	27769.75	27899.75	27593.55	27727.00	1235840	0	0
2020.08.19	27722.25	27852.55	27577.55	27610.00	1193989	0	0
2020.08.20	27615.25	27714.55	27389.75	27683.50	1537438	0	0
2020.08.21	27690.75	27899.55	27469.25	27854.55	1414485	0	0
2020.08.24	27897.25	28261.55	27876.25	28234.00	1227389	0	0
2020.08.25	28235.25	28475.25	28040.55	28193.50	1331810	0	0
2020.08.26	28193.75	28335.25	28092.25	28314.00	1175438	0	0
2020.08.27	28312.75	28585.55	28178.25	28494.50	1642040	0	0
2020.08.28	28505.75	28713.75	28439.55	28601.05	1589784	0	0
2020.08.31	28674.25	28780.25	28330.55	28385.00	1368340	0	0
2020.09.01	28368.25	28649.25	28254.55	28643.00	1557640	0	0
2020.09.02	28639.75	29147.55	28616.75	29067.50	1538740	0	0
2020.09.03	29069.25	29177.05	28050.05	28353.00	2918839	0	0
2020.09.04	28298.25	28588.25	27641.05	28076.05	3906835	0	0
2020.09.07	27981.76	28216.55	27753.75	28153.26	2143378	0	0
2020.09.08	28161.76	28279.75	27322.05	27421.25	3465280	0	0
2020.09.09	27147.26	28068.55	27062.25	27819.25	2770243	0	0
2020.09.10	27822.25	28031.55	27309.55	27431.25	3097116	0	0
2020.09.11	27449.76	27705.05	27320.05	27495.55	2712584	0	0
2020.09.14	27602.76	27965.05	27592.25	27834.00	1739043	0	0
2020.09.15	27836.25	28121.75	27807.05	27906.00	1488610	0	0
2020.09.16	27921.75	28249.05	27843.25	27940.50	1621489	0	0
2020.09.17	27956.25	27992.25	27423.75	27791.50	2557540	0	0
2020.09.18	27773.75	27875.75	27367.05	27608.05	2149785	0	0
2020.09.21	27563.25	27658.75	26583.05	27029.50	2923840	0	0
2020.09.22	27016.25	27204.05	26855.55	27178.50	2294340	0	0
2020.09.23	27228.75	27387.75	26584.05	26687.00	2328640	0	0
2020.09.24	26666.25	26967.05	26406.05	26730.50	3103840	0	0
2020.09.25	26753.25	27112.55	26421.25	27048.55	2460385	0	0
2020.09.28	27063.76	27596.55	27063.76	27503.50	1874609	0	0
2020.09.29	27500.25	27614.75	27211.05	27369.50	1854320	0	0
2020.09.30	27362.75	27901.05	27036.25	27573.00	2840190	0	0
2020.10.01	27620.25	27956.25	27540.55	27681.50	2527569	0	0
2020.10.02	27682.65	27736.65	27125.25	27560.05	3332125	0	0
2020.10.05	27730.75	28037.55	27643.25	27999.00	1742390	0	0
2020.10.06	28004.75	28229.55	27528.25	27553.50	2227220	0	0
2020.10.07	27564.75	28245.55	27536.25	28191.00	1982590	0	0
2020.10.08	28173.75	28446.75	28148.55	28385.50	1734690	0	0
2020.10.09	28384.25	28561.05	28322.05	28520.55	1461293	0	0
2020.10.12	28515.25	28842.55	28430.25	28793.00	1508640	0	0
2020.10.13	28798.75	28818.25	28484.05	28562.50	1917720	0	0
2020.10.14	28569.25	28722.25	28339.55	28407.00	1940388	0	0
2020.10.15	28409.75	28449.75	28038.25	28382.00	2272040	0	0
2020.10.16	28401.75	28728.55	28328.25	28405.55	1743585	0	0
2020.10.19	28478.75	28665.75	28025.55	28178.00	1828620	0	0
2020.10.20	28185.75	28462.05	28045.75	28133.50	2225990	0	0
2020.10.21	28211.75	28372.75	28075.55	28128.50	2194760	0	0
2020.10.22	28112.25	28309.55	27892.75	28274.50	2173390	0	0
2020.10.23	28322.65	28386.25	28042.05	28184.55	1677245	0	0
2020.10.26	28133.50	28146.25	27255.55	27580.50	2139215	0	0
2020.10.27	27575.25	27708.25	27227.50	27227.50	1972940	0	0
2020.10.28	27239.25	27250.25	26387.05	26458.50	2707788	0	0
2020.10.29	26482.25	26798.75	26162.55	26327.50	3019506	0	0
2020.10.30	26268.75	26513.55	25950.75	26429.05	3417883	0	0
2020.11.02	26362.75	26936.55	26170.25	26838.00	3093838	0	0
2020.11.03	26825.75	27529.55	26814.75	27385.00	2471390	0	0
2020.11.04	27413.75	28188.55	26909.75	27780.50	6285095	0	0
2020.11.05	27809.75	28386.05	27645.25	28346.00	3228538	0	0
2020.11.06	28322.25	28452.75	27964.25	28237.55	3051985	0	0
2020.11.09	28386.75	29994.25	28323.25	29062.00	4256888	0	0
2020.11.10	29092.75	29385.55	28777.75	29347.50	3898090	0	0
2020.11.11	29352.75	29566.25	29181.55	29355.50	2559640	0	0
2020.11.12	29354.25	29361.25	28813.05	29057.50	2606690	0	0
2020.11.13	29044.25	29479.05	28855.75	29399.05	2088785	0	0
2020.11.16	29435.25	29991.75	29435.25	29902.00	2196540	0	0
2020.11.17	29883.75	29894.25	29447.55	29704.50	1937288	0	0
2020.11.18	29700.75	29892.25	29331.25	29360.50	1998090	0	0
2020.11.19	29365.75	29471.25	29181.05	29298.50	2245540	0	0
2020.11.20	29257.75	29435.75	29124.55	29135.55	1874235	0	0
2020.11.23	29130.75	29618.05	29119.75	29551.50	1932040	0	0
2020.11.24	29551.75	30063.05	29551.75	30034.50	1786440	0	0
2020.11.25	30022.75	30161.75	29754.55	29842.00	1839320	0	0
2020.11.26	29851.75	29904.25	29731.05	29755.55	848085	0	0
2020.11.27	29795.75	29975.05	29692.25	29878.05	1108801	0	0
2020.11.30	29913.75	29965.25	29425.55	29669.00	2092090	0	0
2020.12.01	29655.75	30053.55	29611.25	29743.50	1754410	0	0
2020.12.02	29751.75	29904.05	29586.55	29881.00	1614440	0	0
2020.12.03	29891.75	30087.55	29751.75	29941.00	1506460	0	0
2020.12.04	29947.25	30213.05	29932.75	30156.05	1261334	0	0
2020.12.07	30067.76	30159.25	29854.55	29884.25	1533296	0	0
2020.12.08	29873.76	30134.55	29752.26	30070.75	1347879	0	0
2020.12.09	30099.26	30207.55	29848.55	29952.75	1641857	0	0
2020.12.10	29979.26	30047.75	29769.05	29898.76	1708842	0	0
2020.12.11	29930.76	29987.75	29618.75	29952.05	1793134	0	0
2020.12.14	30054.25	30237.05	29761.05	29821.50	1594915	0	0
2020.12.15	29822.75	30153.55	29747.75	30121.00	1535490	0	0
2020.12.16	30131.25	30227.75	29989.55	30077.00	1276045	0	0
2020.12.17	30086.25	30241.25	30058.75	30211.00	1077739	0	0
2020.12.18	30201.75	30255.75	29924.55	30149.05	1402760	0	0
2020.12.21	30310.25	30323.25	29314.75	30089.00	2854540	0	0
2020.12.22	30088.75	30145.75	29876.55	29901.50	1804090	0	0
2020.12.23	29903.75	30178.55	29737.25	30078.50	1463820	0	0
2020.12.24	30081.75	30146.25	30011.05	30012.55	768941	0	0
2020.12.28	30020.75	30415.55	29971.75	30307.00	1157590	0	0
2020.12.29	30319.25	30491.25	30164.05	30268.00	1194890	0	0
2020.12.30	30272.25	30412.55	30207.75	30322.00	1151160	0	0
2020.12.31	30325.25	30356.75	30227.55	30277.05	665269	0	0
2021.01.04	30478.25	30687.75	29756.55	30116.00	2186345	0	0
2021.01.05	30114.25	30389.05	29970.75	30281.00	2133395	0	0
2021.01.06	30281.75	30907.55	30152.75	30768.00	3269340	0	0
2021.01.07	30789.25	31083.55	30692.75	30922.50	1952290	0	0
2021.01.08	30932.75	31145.75	30685.55	31023.05	1893215	0	0
2021.01.11	30950.76	31016.25	30634.25	30900.50	2024371	0	0
2021.01.12	30922.25	31005.25	30775.05	30963.50	1712590	0	0
2021.01.13	30952.75	31056.25	30866.25	30963.50	1433190	0	0
2021.01.14	30989.75	31111.55	30878.75	30899.50	1338040	0	0
2021.01.15	30921.75	30953.75	30503.30	30655.05	1993265	0	0
2021.01.18	30629.75	30748.25	30609.75	30735.05	970986	0	0
2021.01.19	30736.75	30978.05	30735.25	30830.50	1441820	0	0
2021.01.20	30851.75	31130.55	30769.25	31061.00	1363640	0	0
2021.01.21	31064.75	31184.25	31013.05	31059.00	1221340	0	0
2021.01.22	31057.75	31081.75	30788.25	30912.55	1459635	0	0
2021.01.25	30914.75	31009.75	30454.05	30854.50	1906590	0	0
2021.01.26	30849.25	31014.05	30667.75	30846.50	1616040	0	0
2021.01.27	30857.25	30880.75	30053.05	30151.00	2739990	0	0
2021.01.28	30176.75	30837.55	29948.25	30438.00	3240140	0	0
2021.01.29	30444.25	30517.75	29752.05	29849.05	3650360	0	0
2021.02.01	29802.75	30231.05	29550.75	30108.50	2654765	0	0
2021.02.02	30113.75	30733.55	30065.75	30602.00	1795690	0	0
2021.02.03	30601.75	30703.25	30412.55	30702.00	1639120	0	0
2021.02.04	30679.25	30982.75	30538.75	30964.50	1402890	0	0
2021.02.05	30960.75	31142.55	30919.75	31076.55	1254735	0	0
2021.02.08	31121.75	31291.75	31047.75	31284.00	1187340	0	0
2021.02.09	31295.25	31336.05	31141.05	31309.50	1020590	0	0
2021.02.10	31314.25	31446.25	31117.55	31363.50	1465138	0	0
2021.02.11	31356.75	31461.05	31167.05	31337.00	1360089	0	0
2021.02.12	31331.25	31415.05	31211.75	31411.55	1050833	0	0
2021.02.15	31420.75	31609.05	31420.25	31585.05	570036	0	0
2021.02.16	31574.25	31656.75	31371.05	31478.50	1312540	0	0
2021.02.17	31479.25	31577.05	31277.05	31548.00	1597140	0	0
2021.02.18	31554.75	31624.75	31225.55	31438.00	1671920	0	0
2021.02.19	31433.25	31579.55	31299.25	31414.55	1516765	0	0
2021.02.22	31455.25	31589.05	31187.75	31501.00	1841040	0	0
2021.02.23	31501.25	31611.75	31103.05	31488.50	2223740	0	0
2021.02.24	31482.75	31960.55	31319.75	31929.50	2190940	0	0
2021.02.25	31932.25	32029.25	31244.05	31281.50	2600540	0	0
2021.02.26	31304.75	31452.75	30800.55	30858.55	3719560	0	0
2021.03.01	30854.76	31522.55	30818.75	31421.26	2409491	0	0
2021.03.02	31461.76	31474.05	31171.75	31250.26	2359107	0	0
2021.03.03	31241.76	31497.75	31100.76	31114.76	2408652	0	0
2021.03.04	31124.76	31324.55	30404.05	30786.26	3526643	0	0
2021.03.05	30775.76	31433.05	30525.25	31375.76	3624987	0	0
2021.03.08	31451.76	31991.55	31166.75	31743.25	3060701	0	0
2021.03.09	31737.26	32000.05	31673.55	31709.75	2140973	0	0
2021.03.10	31749.26	32254.05	31611.25	32235.25	2029446	0	0
2021.03.11	32228.75	32524.05	32136.25	32370.75	1572574	0	0
2021.03.12	32369.76	32712.05	32275.25	32685.55	1768484	0	0
2021.03.15	32712.25	32858.05	32515.05	32815.25	1472765	0	0
2021.03.16	32835.75	32860.25	32661.55	32751.75	1372923	0	0
2021.03.17	32748.75	32933.55	32666.75	32902.50	1553418	0	0
2021.03.18	32900.50	33112.55	32719.55	32791.00	1884865	0	0
2021.03.19	32787.50	32864.75	32399.05	32489.05	2029460	0	0
2021.03.22	32463.25	32685.55	32310.75	32644.50	1557440	0	0
2021.03.23	32648.75	32681.75	32232.05	32326.50	1662090	0	0
2021.03.24	32346.25	32664.55	32231.75	32335.50	1812590	0	0
2021.03.25	32328.76	32564.25	31948.55	32552.50	2204864	0	0
2021.03.26	32555.25	32981.55	32492.75	32963.05	1613865	0	0
2021.03.29	32933.75	33130.55	32742.75	33048.00	1833440	0	0
2021.03.30	33070.75	33125.25	32856.05	32932.50	1489340	0	0
2021.03.31	32933.25	33042.55	32862.75	32909.00	1295490	0	0
2021.04.01	32912.75	33056.75	32839.25	33049.50	1109340	0	0
2021.04.02	33048.75	33257.25	33012.50	33181.25	350827	0	0
2021.04.05	33218.75	33500.55	33154.25	33420.50	1014340	0	0
2021.04.06	33414.25	33450.25	33263.55	33322.00	1179689	0	0
2021.04.07	33333.25	33404.55	33230.55	33348.50	1071890	0	0
2021.04.08	33344.75	33460.25	33225.05	33452.50	990737	0	0
2021.04.09	33449.75	33690.55	33368.75	33638.55	983983	0	0
2021.04.12	33654.75	33681.75	33548.05	33633.50	1082290	0	0
2021.04.13	33633.50	33707.75	33428.55	33570.50	1116413	0	0
2021.04.14	33571.00	33796.55	33515.25	33665.50	1168624	0	0
2021.04.15	33665.50	33958.55	33649.25	33934.00	1100044	0	0
2021.04.16	33934.00	34140.55	33877.25	34058.55	1047309	0	0
2021.04.19	34009.75	34043.25	33858.05	33993.50	1311540	0	0
2021.04.20	33993.50	34062.25	33569.55	33686.00	1535339	0	0
2021.04.21	33686.00	34036.55	33621.25	33974.50	1269815	0	0
2021.04.22	33974.50	34035.75	33602.55	33712.00	1572115	0	0
2021.04.23	33712.00	34052.55	33606.05	33905.55	1233060	0	0
2021.04.26	33930.26	34041.05	33830.05	33886.50	1132388	0	0
2021.04.27	33886.50	33968.75	33761.05	33807.00	1170244	0	0
2021.04.28	33807.00	33864.25	33688.25	33710.50	1156363	0	0
2021.04.29	33710.50	33975.05	33627.05	33914.50	1250715	0	0
2021.04.30	33914.50	33937.25	33675.55	33805.55	1385485	0	0
2021.05.03	33820.75	34112.05	33818.75	33997.00	1145549	0	0
2021.05.04	33997.00	34043.05	33652.05	34020.00	1643415	0	0
2021.05.05	34020.00	34216.55	33920.55	34111.00	1272384	0	0
2021.05.06	34111.00	34451.75	34070.75	34449.00	1629565	0	0
2021.05.07	34449.00	34719.55	34363.55	34708.05	1301015	0	0
2021.05.10	34704.26	34997.55	34608.75	34634.00	1372086	0	0
2021.05.11	34634.00	34727.75	33979.55	34135.00	2576685	0	0
2021.05.12	34135.00	34222.75	33459.05	33482.00	2796665	0	0
2021.05.13	33482.00	34089.55	33199.25	33960.50	2724585	0	0
2021.05.14	33960.50	34379.05	33918.75	34347.55	1712160	0	0
2021.05.17	34313.25	34369.25	34091.05	34289.50	1966589	0	0
2021.05.18	34289.50	34418.25	33905.25	33922.00	1478685	0	0
2021.05.19	33923.50	33993.75	33396.05	33782.00	2601815	0	0
2021.05.20	33782.00	34180.55	33580.55	34013.00	1792115	0	0
2021.05.21	34013.00	34363.55	34013.00	34191.55	1613640	0	0
2021.05.24	34140.26	34424.05	34100.25	34391.00	1286141	0	0
2021.05.25	34388.00	34478.55	34220.05	34295.00	1263365	0	0
2021.05.26	34295.00	34412.05	34224.55	34288.50	1152715	0	0
2021.05.27	34288.50	34573.55	34165.55	34557.50	1366145	0	0
2021.05.28	34557.50	34633.55	34491.55	34534.75	1049808	0	0
2021.05.31	34565.25	34570.25	34406.05	34434.55	595736	0	0
2021.06.01	34428.55	34823.05	34428.25	34549.50	1230070	0	0
2021.06.02	34549.50	34690.55	34481.25	34589.00	1183085	0	0
2021.06.03	34589.00	34652.05	34312.55	34575.50	1379905	0	0
2021.06.04	34575.50	34751.05	34468.75	34726.25	1231415	0	0
2021.06.07	34760.75	34821.25	34555.55	34613.50	1048549	0	0
2021.06.08	34613.50	34646.75	34430.55	34583.00	1194535	0	0
2021.06.09	34583.00	34640.55	34422.55	34465.50	1020825	0	0
2021.06.10	34465.50	34729.55	34386.25	34453.00	1196491	0	0
2021.06.11	34453.00	34610.05	34309.55	34444.25	788747	0	0
2021.06.14	34345.75	34450.25	34092.55	34254.00	949721	0	0
2021.06.15	34256.55	34362.25	34080.55	34173.50	1005909	0	0
2021.06.16	34177.75	34205.55	33788.55	33830.00	1283795	0	0
2021.06.17	33844.75	33966.55	33495.05	33692.50	1762340	0	0
2021.06.18	33692.50	33749.25	33119.25	33156.75	1853990	0	0
2021.06.21	33072.76	33802.05	32897.75	33795.00	2002841	0	0
2021.06.22	33795.00	33922.55	33624.55	33853.00	1403369	0	0
2021.06.23	33853.00	33958.75	33748.55	33779.00	1155903	0	0
2021.06.24	33779.00	34172.05	33768.75	34166.50	1058331	0	0
2021.06.25	34166.50	34382.05	34130.25	34349.75	1013910	0	0
2021.06.28	34397.25	34401.25	34061.95	34192.50	1118370	0	0
2021.06.29	34192.50	34358.55	34109.25	34177.00	1098212	0	0
2021.06.30	34177.00	34445.75	34003.75	34443.00	1202159	0	0
2021.07.01	34442.50	34548.25	34374.55	34501.50	1119661	0	0
2021.07.02	34501.50	34711.05	34491.75	34650.75	1040158	0	0
2021.07.05	34655.76	34743.45	34584.25	34681.45	578979	0	0
2021.07.06	34687.45	34750.75	34238.95	34390.00	1261282	0	0
2021.07.07	34390.00	34591.45	34317.95	34580.50	1385995	0	0
2021.07.08	34580.00	34587.25	34000.25	34275.00	2331443	0	0
2021.07.09	34275.50	34780.45	34135.25	34758.75	1611660	0	0
2021.07.12	34748.76	34898.75	34544.75	34878.50	1399008	0	0
2021.07.13	34878.50	34910.75	34745.75	34772.50	1300313	0	0
2021.07.14	34772.50	34941.95	34664.75	34795.00	1407832	0	0
2021.07.15	34795.00	34874.25	34590.25	34832.00	1613340	0	0
2021.07.16	34832.00	34972.25	34521.25	34523.75	1512959	0	0
2021.07.19	34553.75	34572.75	33619.45	33910.50	2626510	0	0
2021.07.20	33916.26	34498.45	33840.25	34424.00	2076789	0	0
2021.07.21	34420.75	34734.25	34357.75	34732.50	1619607	0	0
2021.07.22	34728.75	34786.25	34554.95	34765.50	1295988	0	0
2021.07.23	34764.75	34988.95	34736.25	34938.25	1068563	0	0
2021.07.26	34924.26	35064.25	34649.75	35027.50	1419439	0	0
2021.07.27	35035.75	35035.75	34760.45	34857.50	1750909	0	0
2021.07.28	34833.75	35014.75	34764.45	34866.00	1815220	0	0
2021.07.29	34869.75	35055.95	34770.25	34984.00	1277290	0	0
2021.07.30	34973.75	34992.25	34753.45	34857.75	1704855	0	0
2021.08.02	34870.75	35077.95	34692.45	34760.00	1507359	0	0
2021.08.03	34761.75	35004.95	34599.45	34951.00	1440420	0	0
2021.08.04	34953.75	34995.75	34671.45	34711.00	1275780	0	0
2021.08.05	34714.75	34943.95	34663.75	34928.50	1074388	0	0
2021.08.06	34920.75	35133.95	34878.75	35097.75	954101	0	0
2021.08.09	35095.75	35101.25	34936.95	35009.50	1114470	0	0
2021.08.10	35011.75	35172.95	34920.25	35154.50	963287	0	0
2021.08.11	35154.75	35391.45	35103.25	35381.00	966237	0	0
2021.08.12	35373.25	35433.75	35251.95	35427.00	848005	0	0
2021.08.13	35424.75	35514.95	35377.95	35405.75	798115	0	0
2021.08.16	35379.75	35543.25	35144.45	35513.50	1248607	0	0
2021.08.17	35508.25	35510.75	35031.45	35206.50	1643690	0	0
2021.08.18	35201.25	35281.25	34791.25	34838.00	1537140	0	0
2021.08.19	34843.75	34929.75	34491.75	34843.00	2476090	0	0
2021.08.20	34843.25	35115.95	34568.75	35030.75	1880335	0	0
2021.08.23	35024.26	35369.95	35014.75	35325.00	1279191	0	0
2021.08.24	35318.25	35399.25	35289.75	35330.00	1027335	0	0
2021.08.25	35324.25	35441.45	35226.45	35384.75	1007173	0	0
2021.08.26	35396.75	35438.45	35144.95	35191.75	1368460	0	0
2021.08.27	35181.75	35423.45	35112.25	35381.25	1080484	0	0
2021.08.30	35414.75	35459.75	35325.95	35391.00	907087	0	0
2021.08.31	35384.25	35479.25	35254.95	35387.50	1248027	0	0
2021.09.01	35384.75	35490.75	35264.45	35287.50	1060558	0	0
2021.09.02	35285.25	35456.45	35216.25	35427.25	1000261	0	0
2021.09.03	35424.25	35500.25	35245.95	35336.25	1118554	0	0
2021.09.06	35343.25	35472.45	35258.75	35426.45	552982	0	0
2021.09.07	35429.75	35430.75	35037.05	35069.25	1149080	0	0
2021.09.08	35069.85	35158.05	34881.85	35004.85	1564414	0	0
2021.09.09	35007.85	35189.05	34773.35	34865.35	1605514	0	0
2021.09.10	34865.35	35110.05	34595.55	34635.35	1416550	0	0
2021.09.13	34517.35	34818.00	34480.85	34799.35	1897828	0	0
2021.09.14	34791.85	34902.85	34385.50	34470.35	1696029	0	0
2021.09.15	34473.85	34763.05	34377.85	34729.85	1635035	0	0
2021.09.16	34732.85	34823.05	34412.55	34602.35	1575613	0	0
2021.09.17	34608.35	34706.35	34377.85	34414.85	1749403	0	0
2021.09.20	34381.35	34405.35	33475.55	33800.35	2875565	0	0
2021.09.21	33785.35	34233.35	33723.35	33752.85	2561215	0	0
2021.09.22	33756.85	34315.05	33634.85	34155.35	2335325	0	0
2021.09.23	34151.35	34746.05	34146.35	34652.85	1748195	0	0
2021.09.24	34647.85	34729.85	34457.85	34684.35	1653535	0	0
2021.09.27	34688.35	34931.05	34653.35	34734.35	1578663	0	0
2021.09.28	34729.35	34850.35	34119.05	34219.35	2492435	0	0
2021.09.29	34229.35	34448.05	34166.05	34313.85	2529515	0	0
2021.09.30	34323.85	34551.35	33693.05	33733.85	2388015	0	0
2021.10.01	33749.85	34352.05	33381.85	34204.85	2881385	0	0
2021.10.04	34229.85	34289.85	33679.05	33879.35	3059615	0	0
2021.10.05	33885.85	34358.55	33680.85	34215.85	2343215	0	0
2021.10.06	34201.85	34321.85	33716.55	34292.85	2950715	0	0
2021.10.07	34299.35	34850.55	34297.35	34637.35	1855265	0	0
2021.10.08	34637.85	34747.35	34533.55	34606.85	2014135	0	0
2021.10.11	34616.35	34826.55	34319.35	34351.35	2132665	0	0
2021.10.12	34354.85	34483.05	34121.85	34189.35	2377635	0	0
2021.10.13	34189.35	34337.85	33982.05	34251.35	2002893	0	0
2021.10.14	34248.85	34840.85	34246.35	34830.85	1502315	0	0
2021.10.15	34823.35	35194.35	34783.85	35168.35	1420985	0	0
2021.10.18	35203.35	35223.35	34904.05	35111.85	1599065	0	0
2021.10.19	35113.35	35360.85	35063.85	35345.35	1292085	0	0
2021.10.20	35350.35	35537.05	35270.35	35433.85	1211424	0	0
2021.10.21	35431.35	35532.85	35313.05	35488.85	1288244	0	0
2021.10.22	35473.85	35641.55	35410.55	35526.85	1471985	0	0
2021.10.25	35482.35	35667.05	35447.85	35635.85	1272415	0	0
2021.10.26	35637.85	35775.05	35616.55	35663.85	1278412	0	0
2021.10.27	35633.35	35711.05	35382.05	35415.85	1498315	0	0
2021.10.28	35414.35	35676.85	35384.85	35643.85	1411915	0	0
2021.10.29	35634.85	35734.55	35482.85	35724.35	1471485	0	0
2021.11.01	35793.85	35888.05	35681.55	35786.85	1311295	0	0
2021.11.02	35792.35	35968.05	35692.85	35916.35	1170364	0	0
2021.11.03	35915.85	36062.55	35769.55	36023.35	1107277	0	0
2021.11.04	36015.85	36072.35	35863.05	35983.85	1123864	0	0
2021.11.05	35979.35	36372.05	35946.85	36166.35	1329234	0	0
2021.11.08	36123.85	36442.55	36123.85	36284.35	1266815	0	0
2021.11.09	36290.35	36321.35	36063.05	36172.35	1327315	0	0
2021.11.10	36167.35	36249.05	35909.05	35983.35	1540545	0	0
2021.11.11	35977.35	36059.85	35821.05	35858.85	1219365	0	0
2021.11.12	35864.35	36053.55	35838.55	36032.35	1030185	0	0
2021.11.15	36056.85	36172.85	35949.55	36017.85	1105615	0	0
2021.11.16	36019.35	36235.05	35943.85	36082.35	1077064	0	0
2021.11.17	36074.85	36102.35	35818.35	35827.85	1027864	0	0
2021.11.18	35834.85	35957.85	35591.05	35818.35	1114965	0	0
2021.11.19	35824.85	35984.85	35484.05	35555.35	1610135	0	0
2021.11.22	35588.35	35879.05	35528.35	35603.85	1484485	0	0
2021.11.23	35611.85	35789.55	35366.85	35743.00	2138930	0	0
2021.11.24	35752.85	35785.35	35530.05	35777.00	1732480	0	0
2021.11.25	35769.85	35896.35	35752.85	35782.55	648334	0	0
2021.11.26	35801.85	35801.85	34660.05	34691.55	3104331	0	0
2021.11.29	34737.35	35241.35	34737.35	35121.00	2688280	0	0
2021.11.30	35131.85	35229.85	34387.05	34517.00	3575320	0	0
2021.12.01	34525.85	34978.05	33926.35	34016.50	2973150	0	0
2021.12.02	34047.85	34644.55	33977.55	34609.35	3455924	0	0
2021.12.03	34617.35	34708.55	34163.05	34448.35	3019442	0	0
2021.12.06	34501.85	35250.05	34494.85	35166.35	2311403	0	0
2021.12.07	35140.85	35711.55	35099.35	35687.85	1428661	0	0
2021.12.08	35678.35	35830.85	35499.05	35647.85	1630606	0	0
2021.12.09	35649.35	35763.55	35484.35	35644.35	1423174	0	0
2021.12.10	35631.85	35887.85	35603.85	35876.35	1519915	0	0
2021.12.13	35884.35	36025.35	35506.05	35575.50	1609230	0	0
2021.12.14	35579.85	35678.85	35331.05	35461.00	1994655	0	0
2021.12.15	35457.85	35855.35	35274.05	35831.00	2072250	0	0
2021.12.16	35832.35	36095.35	35661.05	35829.00	2160080	0	0
2021.12.17	35831.85	35871.85	35161.55	35304.85	2644885	0	0
2021.12.20	35249.35	35321.85	34544.55	34904.35	3232615	0	0
2021.12.21	34900.35	35409.35	34854.85	35398.50	1965430	0	0
2021.12.22	35401.35	35658.85	35283.85	35638.50	1441379	0	0
2021.12.23	35639.35	35942.55	35621.85	35845.35	1064063	0	0
2021.12.27	35856.50	36200.85	35756.35	36162.00	1116015	0	0
2021.12.28	36162.35	36404.05	36109.85	36277.00	1202650	0	0
2021.12.29	36281.35	36454.55	36247.35	36375.85	1141115	0	0
2021.12.30	36390.35	36568.05	36254.05	36286.00	1121430	0	0
2021.12.31	36299.35	36328.55	36120.35	36220.55	892817	0	0
2022.01.03	36304.00	36469.05	36118.05	36425.00	1619915	0	0
2022.01.04	36430.35	36796.55	36406.35	36660.35	1449315	0	0
2022.01.05	36649.35	36829.05	36277.35	36313.00	1842430	0	0
2022.01.06	36306.35	36414.85	36076.55	36160.00	2603080	0	0
2022.01.07	36169.85	36261.05	35986.05	36104.35	1972335	0	0
2022.01.10	36118.50	36168.35	35519.05	35938.50	2450745	0	0
2022.01.11	35940.35	36149.85	35640.05	36123.50	2181030	0	0
2022.01.12	36126.35	36328.55	36038.55	36178.50	1886680	0	0
2022.01.13	36176.85	36386.05	35920.55	35996.50	1963480	0	0
2022.01.14	36011.35	36111.35	35513.55	35818.35	2690335	0	0
2022.01.17	35857.85	35897.35	35703.85	35825.05	1107836	0	0
2022.01.18	35831.85	35860.85	35133.55	35290.85	2536665	0	0
2022.01.19	35296.85	35426.05	34891.35	34932.50	2680480	0	0
2022.01.20	34936.85	35376.55	34408.35	34527.00	2648930	0	0
2022.01.21	34550.35	34779.05	34100.35	34120.35	4142975	0	0
2022.01.24	34145.85	34404.35	33030.55	34326.85	4903215	0	0
2022.01.25	34287.85	34468.55	33421.55	33948.00	5273480	0	0
2022.01.26	33957.85	34694.55	33748.55	34033.50	4415610	0	0
2022.01.27	34065.85	34654.55	33531.85	34222.00	5181200	0	0
2022.01.28	34212.35	34617.85	33611.85	34525.85	4510885	0	0
2022.01.31	34569.85	35021.55	34311.35	34914.50	2891780	0	0
2022.02.01	34923.85	35314.05	34830.35	35237.00	2579750	0	0
2022.02.02	35224.35	35585.85	35165.55	35568.00	2148180	0	0
2022.02.03	35543.85	35565.35	34939.05	35143.00	2385480	0	0
2022.02.04	35148.35	35208.55	34668.55	34946.85	2879035	0	0
2022.02.07	35001.35	35203.05	34809.35	35007.00	2569980	0	0
2022.02.08	35001.85	35423.05	34927.85	35379.00	2101280	0	0
2022.02.09	35385.85	35737.35	35367.35	35714.00	1647280	0	0
2022.02.10	35714.35	35747.35	34988.05	35116.50	2531730	0	0
2022.02.11	35112.35	35325.05	34510.05	34655.85	3282485	0	0
2022.02.14	34647.35	34752.85	34202.55	34462.85	3928155	0	0
2022.02.15	34469.35	34965.05	34342.35	34865.50	2650030	0	0
2022.02.16	34872.35	35055.85	34556.05	34837.00	2365830	0	0
2022.02.17	34843.85	34905.85	34169.05	34239.85	2693565	0	0
2022.02.18	34238.85	34496.85	33898.55	34054.85	2893465	0	0
2022.02.21	33868.35	34345.85	33702.05	33709.55	2398386	0	0
2022.02.22	33579.35	34045.35	33289.55	33592.00	4257080	0	0
2022.02.23	33582.85	33820.85	33014.05	33038.50	2862810	0	0
2022.02.24	33045.85	33198.05	32165.35	33047.00	6133780	0	0
2022.02.25	33036.35	34030.05	32761.35	33980.35	3984535	0	0
2022.02.28	33673.35	33911.05	33320.85	33838.50	4574330	0	0
2022.03.01	33823.35	34060.35	33062.55	33331.50	3790130	0	0
2022.03.02	33326.35	33975.05	33118.35	33795.50	3760250	0	0
2022.03.03	33784.35	34139.55	33595.55	33784.50	2972250	0	0
2022.03.04	33769.85	33855.35	33208.05	33523.85	4464435	0	0
2022.03.07	33448.35	33538.35	32686.85	32692.50	4438130	0	0
2022.03.08	32716.35	33364.55	32308.85	32524.50	5232710	0	0
2022.03.09	32530.85	33438.55	32523.85	33253.00	3844900	0	0
2022.03.10	33249.85	33280.85	32796.55	33069.35	3377599	0	0
2022.03.11	33143.85	33584.85	32787.55	32841.35	3422869	0	0
2022.03.14	32900.35	33288.05	32708.05	32881.35	3414520	0	0
2022.03.15	32890.35	33511.05	32573.35	33393.00	3240265	0	0
2022.03.16	33403.85	34056.85	33280.05	34033.00	3270995	0	0
2022.03.17	34016.00	34388.85	33758.85	34228.50	2713730	0	0
2022.03.18	34234.00	34698.00	34101.35	34695.00	2367460	0	0
2022.03.21	34664.00	34691.55	34226.55	34503.00	2254210	0	0
2022.03.22	34488.50	34770.55	34316.85	34710.00	1708580	0	0
2022.03.23	34708.00	34787.85	34213.85	34247.00	1726780	0	0
2022.03.24	34251.00	34651.85	34211.85	34631.35	1682395	0	0
2022.03.25	34633.85	34837.05	34520.05	34747.00	1768415	0	0
2022.03.28	34752.85	34882.35	34442.55	34850.50	1749815	0	0
2022.03.29	34846.85	35276.55	34823.35	35164.85	1911778	0	0
2022.03.30	35141.85	35262.05	34952.55	35135.00	1707745	0	0
2022.03.31	35116.85	35210.35	34590.55	34697.50	1770465	0	0
2022.04.01	34698.35	34802.85	34435.05	34698.50	1872155	0	0
2022.04.04	34688.35	34844.85	34511.55	34812.50	1515665	0	0
2022.04.05	34801.35	35012.05	34467.55	34583.50	1628143	0	0
2022.04.06	34581.35	34604.85	34176.55	34357.00	2214195	0	0
2022.04.07	34362.85	34610.55	34091.05	34477.00	2130380	0	0
2022.04.08	34480.35	34816.55	34366.55	34630.00	1862765	0	0
2022.04.11	34627.35	34665.35	34179.05	34230.00	2166715	0	0
2022.04.12	34226.85	34579.05	34005.55	34157.00	2337045	0	0
2022.04.13	34161.35	34507.55	34050.35	34455.50	1875765	0	0
2022.04.14	34454.35	34791.05	34338.85	34388.00	1898645	0	0
2022.04.18	34364.85	34526.05	34179.55	34400.50	1833545	0	0
2022.04.19	34390.85	34892.55	34226.35	34777.50	2059045	0	0
2022.04.20	34760.35	35231.05	34724.85	35140.50	2156245	0	0
2022.04.21	35136.35	35409.55	34635.55	34669.00	2182445	0	0
2022.04.22	34667.85	34715.35	33590.35	33610.50	2682495	0	0
2022.04.25	33647.35	34016.55	33229.55	33978.00	3960265	0	0
2022.04.26	33964.85	34033.85	33077.35	33115.00	2941373	0	0
2022.04.27	33126.85	33608.05	33014.05	33319.00	3886295	0	0
2022.04.28	33328.85	33965.55	33152.55	33772.50	2933495	0	0
2022.04.29	33728.85	33896.85	32818.05	32969.50	3085715	0	0
2022.05.02	32987.85	33140.55	32355.55	32940.00	4117095	0	0
2022.05.03	32947.35	33250.55	32804.35	33056.00	3268515	0	0
2022.05.04	33068.35	34023.05	32923.05	33902.00	2844354	0	0
2022.05.05	33924.85	34016.35	32587.05	32936.00	3605515	0	0
2022.05.06	32931.35	32963.35	32375.05	32741.00	4459845	0	0
2022.05.09	32601.35	32687.35	32035.05	32181.35	4085670	0	0
2022.05.10	32204.35	32660.55	31804.55	32050.35	4290370	0	0
2022.05.11	32063.85	32499.05	31713.05	31825.00	3907344	0	0
2022.05.12	31806.35	31887.85	31146.55	31537.00	4703465	0	0
2022.05.13	31555.35	32198.55	31555.35	32080.00	2974485	0	0
2022.05.16	32147.85	32449.55	31866.55	32127.50	3199695	0	0
2022.05.17	32138.35	32689.35	32126.85	32621.85	2637180	0	0
2022.05.18	32620.35	32648.35	31295.35	31373.50	2579215	0	0
2022.05.19	31380.35	31518.55	30953.35	31199.50	4163045	0	0
2022.05.20	31208.85	31544.85	30587.55	31235.00	3237815	0	0
2022.05.23	31293.85	31921.05	31293.85	31864.00	3075935	0	0
2022.05.24	31790.35	31969.55	31314.05	31934.00	3104915	0	0
2022.05.25	31934.85	32210.55	31684.35	32062.00	2988045	0	0
2022.05.26	32075.35	32727.55	31994.35	32541.50	2352295	0	0
2022.05.27	32553.85	33210.85	32481.35	33200.35	815426	0	0
2022.05.30	33155.35	33399.35	33137.35	33272.35	10244	0	500
2022.05.31	33254.35	33254.35	32699.35	32993.35	31567	0	500
2022.06.01	33015.85	33216.35	32535.35	32744.35	29486	0	500
2022.06.02	32747.35	33237.35	32462.35	33220.35	21755	0	500
2022.06.03	33193.85	33283.35	32799.35	32878.35	22280	0	500
2022.06.06	32949.35	33200.55	32778.05	32885.35	41886	0	500
2022.06.07	32840.85	33170.55	32576.35	33074.85	52324	0	500
2022.06.08	33089.35	33139.85	32779.05	32885.85	60130	0	500
2022.06.09	32870.85	33075.85	32221.35	32292.85	84369	0	500
2022.06.10	32265.85	32309.35	31336.85	31427.85	113623	0	500
2022.06.13	31269.35	31269.35	30337.55	30506.00	146169	0	500
2022.06.14	30512.35	30844.35	30115.05	30359.50	142430	0	500
2022.06.15	30366.85	30994.55	30154.05	30666.50	137088	0	500
2022.06.16	30685.35	30931.85	29727.55	29981.00	146623	0	500
2022.06.17	30006.35	30207.85	29637.05	29931.00	161778	0	500
2022.06.20	29941.35	30215.55	29739.35	30141.55	65094	0	500
2022.06.21	30134.35	30643.05	30109.35	30537.50	98182	0	500
2022.06.22	30523.85	30769.55	30004.35	30468.50	120828	0	500
2022.06.23	30471.35	30696.05	30244.85	30558.50	120209	0	500
2022.06.24	30553.35	31504.35	30535.35	31477.00	87101	0	500
2022.06.27	31464.85	31690.35	31328.55	31457.35	93639	0	500
2022.06.28	31462.85	31864.55	30902.35	30959.50	100878	0	500
2022.06.29	30952.85	31136.55	30860.35	31016.50	104738	0	500
2022.06.30	31013.35	31026.85	30403.55	30706.00	113120	0	500
2022.07.01	30713.35	31113.55	30419.85	31044.50	121332	0	500
2022.07.04	31050.35	31062.85	30804.35	30972.55	46578	0	500
2022.07.05	30968.35	31213.35	30329.55	30924.85	119005	0	500
2022.07.06	30957.85	31202.55	30737.35	31055.50	119354	0	500
2022.07.07	31051.35	31401.05	30895.35	31324.00	94877	0	500
2022.07.08	31305.35	31487.05	31184.05	31349.50	103152	0	500
2022.07.11	31303.35	31337.55	31038.35	31174.00	96310	0	500
2022.07.12	31177.35	31322.55	30826.55	30969.00	97292	0	500
2022.07.13	30978.35	31278.85	30475.05	30704.50	111305	0	500
2022.07.14	30700.85	30768.85	30106.55	30614.00	117378	0	500
2022.07.15	30625.85	31260.55	30493.35	31253.00	111194	0	500
2022.07.18	31294.35	31611.55	30947.05	31062.00	94901	0	500
2022.07.19	31043.35	31839.85	31027.85	31815.50	96574	0	500
2022.07.20	31811.35	31977.85	31618.55	31797.00	107197	0	500
2022.07.21	31794.85	32027.35	31503.05	31989.50	113169	0	500
2022.07.22	31983.85	32190.55	31702.05	31857.50	107543	0	500
2022.07.25	31869.85	32061.35	31770.35	31864.00	107993	0	500
2022.07.26	31834.85	31913.55	31663.85	31772.00	96883	0	500
2022.07.27	31751.35	32312.05	31751.35	32151.00	103541	0	500
2022.07.28	32161.85	32606.35	31942.05	32564.50	107591	0	500
2022.07.29	32566.35	32875.55	32455.55	32807.50	102635	0	500
2022.08.01	32823.35	32935.05	32599.55	32778.50	106100	0	500
2022.08.02	32765.85	32778.35	32348.05	32408.00	120952	0	500
2022.08.03	32404.35	32869.55	32340.85	32750.50	105399	0	500
2022.08.04	32739.85	32863.85	32599.55	32689.00	99364	0	500
2022.08.05	32689.35	32780.35	32427.85	32711.00	100184	0	500
2022.08.08	32750.85	33062.05	32662.85	32849.50	102044	0	500
2022.08.09	32837.35	32878.85	32661.05	32764.00	96899	0	500
2022.08.10	32758.85	33327.55	32676.35	33287.00	93834	0	500
2022.08.11	33285.35	33622.55	33253.05	33355.50	101542	0	500
2022.08.12	33355.85	33725.55	33292.35	33713.00	85863	0	500
2022.08.15	33700.35	33920.05	33482.85	33839.50	81953	0	500
2022.08.16	33841.35	34243.05	33784.85	34124.50	88453	0	500
2022.08.17	34117.85	34173.35	33802.05	33993.00	103384	0	500
2022.08.18	33984.35	34053.85	33821.05	33989.35	94982	0	500
2022.08.19	34000.35	34004.35	33613.55	33689.00	95566	0	500
2022.08.22	33625.85	33635.35	32998.05	33102.00	99896	0	500
2022.08.23	33097.35	33173.35	32843.05	32887.50	106576	0	500
2022.08.24	32876.85	33081.05	32750.35	32956.50	95944	0	500
2022.08.25	32953.85	33286.85	32870.05	33218.50	95020	0	500
2022.08.26	33242.85	33441.35	32154.85	32166.50	107704	0	500
2022.08.29	32032.35	32298.05	31924.35	32120.00	122540	0	500
2022.08.30	32113.35	32344.35	31615.05	31787.50	115330	0	500
2022.08.31	31789.35	31997.85	31498.85	31561.35	122861	0	500
2022.09.01	31557.85	31673.55	31222.05	31657.00	126353	0	500
2022.09.02	31647.35	32026.55	31179.55	31383.00	118497	0	500
2022.09.05	31350.35	31462.35	31274.85	31421.05	63477	0	500
2022.09.06	31431.35	31589.85	31040.05	31152.00	124713	0	500
2022.09.07	31150.35	31164.35	30972.35	31036.35	12120	0	530
